COUNTY,CODE,Rate Per 100k,
Autauga  ,1001,11.18072011,
Baldwin  ,1003,16.6821184,
Barbour  ,1005,0,
Bibb  ,1007,25.70921986,
Blount  ,1009,23.18748291,
Bullock  ,1011,0,
Butler  ,1013,0,
Calhoun  ,1015,18.60377778,
Chambers  ,1017,8.265926669,
Cherokee  ,1019,18.53138754,
Chilton  ,1021,14.54314086,
Choctaw  ,1023,0,
Clarke  ,1025,9.015285006,
Clay  ,1027,14.87187876,
Cleburne  ,1029,17.35438999,
Coffee  ,1031,8.944926477,
Colbert  ,1033,9.912804039,
Conecuh  ,1035,22.40609446,
Coosa  ,1037,0,
Covington  ,1039,10.67891182,
Crenshaw  ,1041,0,
Cullman  ,1043,25.97326938,
Dale  ,1045,9.332256743,
Dallas  ,1047,6.986899563,
DeKalb  ,1049,24.7123677,
Elmore  ,1051,10.05375078,
Escambia  ,1053,34.14334872,
Etowah  ,1055,26.0493616,
Fayette  ,1057,16.85122773,
Franklin  ,1059,15.21076415,
Geneva  ,1061,15.05593279,
Greene  ,1063,0,
Hale  ,1065,0,
Henry  ,1067,0,
Houston  ,1069,13.61483442,
Jackson  ,1071,10.35010178,
Jefferson  ,1073,36.22114357,
Lamar  ,1075,0,
Lauderdale  ,1077,12.09673064,
Lawrence  ,1079,17.48652332,
Lee  ,1081,8.29370784,
Limestone  ,1083,7.728987352,
Lowndes  ,1085,0,
Macon  ,1087,0,
Madison  ,1089,14.98948499,
Marengo  ,1091,0,
Marion  ,1093,0,
Marshall  ,1095,18.48060062,
Mobile  ,1097,15.33959845,
Monroe  ,1099,10.22837164,
Montgomery  ,1101,7.777520491,
Morgan  ,1103,16.77596206,
Perry  ,1105,0,
Pickens  ,1107,17.70485998,
Pike  ,1109,6.613518031,
Randolph  ,1111,13.24129164,
Russell  ,1113,13.34400854,
St. Clair  ,1115,32.36991057,
Shelby  ,1117,19.6152381,
Sumter  ,1119,0,
Talladega  ,1121,14.67004824,
Tallapoosa  ,1123,12.75047324,
Tuscaloosa  ,1125,14.67427008,
Walker  ,1127,23.18385415,
Washington  ,1129,0,
Wilcox  ,1131,0,
Winston  ,1133,8.388276545,
Aleutians East Borough ,2013,0,
Aleutians West Census Area ,2016,0,
Anchorage Borough ,2020,20.48806065,
Bethel Census Area ,2050,0,
Bristol Bay Borough ,2060,0,
Denali Borough ,2068,0,
Dillingham Census Area ,2070,0,
Fairbanks North Star Borough ,2090,13.64730155,
Haines Borough ,2100,0,
Hoonah-Angoon Census Area ,2105,0,
Juneau Borough ,2110,25.95203816,
Kenai Peninsula Borough ,2122,23.69570593,
Ketchikan Gateway Borough ,2130,20.28515127,
Kodiak Island Borough ,2150,0,
Lake and Peninsula Borough ,2164,0,
Matanuska-Susitna Borough ,2170,18.74454089,
Nome Census Area ,2180,0,
North Slope Borough ,2185,0,
Northwest Arctic Borough ,2188,0,
Petersburg Borough/Census Area ,2195,0,
Prince of Wales-Hyder Census Area ,2198,0,
Prince of Wales-Outer Ketchikan Census Area ,2201,0,
Sitka Borough ,2220,0,
Skagway Municipality ,2230,0,
Skagway-Hoonah-Angoon Census Area ,2232,0,
Southeast Fairbanks Census Area ,2240,0,
Valdez-Cordova Census Area ,2261,0,
Wade Hampton Census Area ,2270,0,
Wrangell City and Borough ,2275,0,
Wrangell-Petersburg Census Area ,2280,0,
Yakutat Borough ,2282,0,
Yukon-Koyukuk Census Area ,2290,0,
Apache  ,4001,11.67191903,
Cochise  ,4003,21.8641224,
Coconino  ,4005,17.68102014,
Gila  ,4007,38.91866,
Graham  ,4009,20.66115702,
Greenlee  ,4011,0,
La Paz  ,4012,33.20344925,
Maricopa  ,4013,21.50264763,
Mohave  ,4015,28.15268853,
Navajo  ,4017,20.1537179,
Pima  ,4019,24.89892666,
Pinal  ,4021,14.25572973,
Santa Cruz  ,4023,13.8011938,
Yavapai  ,4025,27.24476448,
Yuma  ,4027,17.33127424,
Arkansas  ,5001,18.68604153,
Ashley  ,5003,11.69510852,
Baxter  ,5005,23.3070805,
Benton  ,5007,14.50520946,
Boone  ,5009,12.32695369,
Bradley  ,5011,0,
Calhoun  ,5013,0,
Carroll  ,5015,18.66997939,
Chicot  ,5017,0,
Clark  ,5019,12.47549456,
Clay  ,5021,22.69268762,
Cleburne  ,5023,11.86915444,
Cleveland  ,5025,0,
Columbia  ,5027,13.43273558,
Conway  ,5029,12.39913778,
Craighead  ,5031,10.78769068,
Crawford  ,5033,18.58563331,
Crittenden  ,5035,15.11203326,
Cross  ,5037,14.10321201,
Dallas  ,5039,0,
Desha  ,5041,0,
Drew  ,5043,16.14187633,
Faulkner  ,5045,13.37668248,
Franklin  ,5047,23.63986356,
Fulton  ,5049,0,
Garland  ,5051,29.19630534,
Grant  ,5053,17.64426947,
Greene  ,5055,16.60190428,
Hempstead  ,5057,10.00118196,
Hot Spring  ,5059,15.5276721,
Howard  ,5061,0,
Independence  ,5063,13.95141687,
Izard  ,5065,17.74019485,
Jackson  ,5067,15.10942712,
Jefferson  ,5069,15.66474038,
Johnson  ,5071,15.95550693,
Lafayette  ,5073,0,
Lawrence  ,5075,0,
Lee  ,5077,0,
Lincoln  ,5079,29.18685424,
Little River  ,5081,0,
Logan  ,5083,21.11583412,
Lonoke  ,5085,17.68029062,
Madison  ,5087,0,
Marion  ,5089,15.84844015,
Miller  ,5091,7.773240847,
Mississippi  ,5093,21.00781491,
Monroe  ,5095,0,
Montgomery  ,5097,0,
Nevada  ,5099,0,
Newton  ,5101,0,
Ouachita  ,5103,17.39015221,
Perry  ,5105,0,
Phillips  ,5107,10.52421095,
Pike  ,5109,20.34061281,
Poinsett  ,5111,19.09712132,
Polk  ,5113,0,
Pope  ,5115,11.62772427,
Prairie  ,5117,0,
Pulaski  ,5119,15.87582661,
Randolph  ,5121,0,
St. Francis  ,5123,8.393550701,
Saline  ,5125,16.70530824,
Scott  ,5127,19.13985492,
Searcy  ,5129,0,
Sebastian  ,5131,15.19878284,
Sevier  ,5133,0,
Sharp  ,5135,16.32957753,
Stone  ,5137,0,
Union  ,5139,12.57336559,
Van Buren  ,5141,15.59519668,
Washington  ,5143,7.609717697,
White  ,5145,15.19914682,
Woodruff  ,5147,0,
Yell  ,5149,11.08299315,
Alameda  ,6001,10.97634397,
Alpine  ,6003,0,
Amador  ,6005,21.67763767,
Butte  ,6007,29.46179026,
Calaveras  ,6009,18.592709,
Colusa  ,6011,10.19264091,
Contra Costa  ,6013,12.44959984,
Del Norte  ,6015,20.39270524,
El Dorado  ,6017,21.44015677,
Fresno  ,6019,14.35444259,
Glenn  ,6021,16.40536955,
Humboldt  ,6023,36.89499918,
Imperial  ,6025,19.34082063,
Inyo  ,6027,33.02982593,
Kern  ,6029,25.43193674,
Kings  ,6031,11.96035541,
Lake  ,6033,52.56299006,
Lassen  ,6035,27.57665348,
Los Angeles  ,6037,8.685456803,
Madera  ,6039,13.35379203,
Marin  ,6041,11.50974914,
Mariposa  ,6043,17.11098183,
Mendocino  ,6045,29.62827905,
Merced  ,6047,14.13853395,
Modoc  ,6049,24.76417749,
Mono  ,6051,0,
Monterey  ,6053,11.63766833,
Napa  ,6055,10.61302232,
Nevada  ,6057,18.53392615,
Orange  ,6059,12.69525814,
Placer  ,6061,12.00882465,
Plumas  ,6063,27.90058806,
Riverside  ,6065,16.54944561,
Sacramento  ,6067,18.0331072,
San Benito  ,6069,10.72673639,
San Bernardino  ,6071,12.044981,
San Diego  ,6073,14.37650007,
San Francisco  ,6075,22.88881134,
San Joaquin  ,6077,17.66709423,
San Luis Obispo  ,6079,16.23208623,
San Mateo  ,6081,8.982971003,
Santa Barbara  ,6083,15.49667518,
Santa Clara  ,6085,8.357815244,
Santa Cruz  ,6087,18.82146961,
Shasta  ,6089,22.58242865,
Sierra  ,6091,0,
Siskiyou  ,6093,27.47730832,
Solano  ,6095,15.27621303,
Sonoma  ,6097,15.77898582,
Stanislaus  ,6099,17.23464096,
Sutter  ,6101,12.43739843,
Tehama  ,6103,11.33883267,
Trinity  ,6105,17.11662647,
Tulare  ,6107,10.22153001,
Tuolumne  ,6109,29.9854515,
Ventura  ,6111,15.35877198,
Yolo  ,6113,13.38374544,
Yuba  ,6115,19.27112894,
Adams  ,8001,20.19895569,
Alamosa  ,8003,21.80206151,
Arapahoe  ,8005,15.90568745,
Archuleta  ,8007,0,
Baca  ,8009,0,
Bent  ,8011,0,
Boulder  ,8013,12.90907583,
Broomfield  ,8014,13.88302046,
Chaffee  ,8015,16.71122995,
Cheyenne  ,8017,0,
Clear Creek  ,8019,0,
Conejos  ,8021,0,
Costilla  ,8023,0,
Crowley  ,8025,0,
Custer  ,8027,0,
Delta  ,8029,10.5393513,
Denver  ,8031,20.31451375,
Dolores  ,8033,0,
Douglas  ,8035,8.456366366,
Eagle  ,8037,7.76972029,
Elbert  ,8039,8.724273308,
El Paso  ,8041,24.71388589,
Fremont  ,8043,22.86004572,
Garfield  ,8045,13.29556031,
Gilpin  ,8047,0,
Grand  ,8049,14.66373392,
Gunnison  ,8051,12.13813194,
Hinsdale  ,8053,0,
Huerfano  ,8055,66.30100657,
Jackson  ,8057,0,
Jefferson  ,8059,16.69759463,
Kiowa  ,8061,0,
Kit Carson  ,8063,0,
Lake  ,8065,0,
La Plata  ,8067,13.39613829,
Larimer  ,8069,15.01017028,
Las Animas  ,8071,52.14646109,
Lincoln  ,8073,0,
Logan  ,8075,10.00882596,
Mesa  ,8077,19.55635023,
Mineral  ,8079,0,
Moffat  ,8081,0,
Montezuma  ,8083,19.81148609,
Montrose  ,8085,13.50777662,
Morgan  ,8087,13.40747431,
Otero  ,8089,23.94323277,
Ouray  ,8091,0,
Park  ,8093,21.96988969,
Phillips  ,8095,0,
Pitkin  ,8097,11.23532386,
Prowers  ,8099,23.27746741,
Pueblo  ,8101,28.74145184,
Rio Blanco  ,8103,0,
Rio Grande  ,8105,36.72612802,
Routt  ,8107,17.7999288,
Saguache  ,8109,0,
San Juan  ,8111,0,
San Miguel  ,8113,0,
Sedgwick  ,8115,0,
Summit  ,8117,7.914157769,
Teller  ,8119,17.42073565,
Washington  ,8121,0,
Weld  ,8123,13.27271225,
Yuma  ,8125,0,
Fairfield  ,9001,16.9716778,
Hartford  ,9003,29.09952395,
Litchfield  ,9005,32.25965192,
Middlesex  ,9007,29.56891696,
New Haven  ,9009,28.30752871,
New London  ,9011,31.82457701,
Tolland  ,9013,24.72606299,
Windham  ,9015,33.61062096,
Kent  ,10001,26.72083917,
New Castle  ,10003,32.20048879,
Sussex  ,10005,29.05577801,
District of Columbia DC,11001,32.2701966,
Alachua  ,12001,11.69555113,
Baker  ,12003,19.41217071,
Bay  ,12005,21.23830251,
Bradford  ,12007,16.99599486,
Brevard  ,12009,34.18550272,
Broward  ,12011,21.83545396,
Calhoun  ,12013,15.17513485,
Charlotte  ,12015,12.96380843,
Citrus  ,12017,30.09899224,
Clay  ,12019,26.14434369,
Collier  ,12021,15.5822551,
Columbia  ,12023,21.41085994,
DeSoto  ,12027,14.94842792,
Dixie  ,12029,30.5687001,
Duval  ,12031,32.60485553,
Escambia  ,12033,19.4776789,
Flagler  ,12035,16.33601702,
Franklin  ,12037,20.35968782,
Gadsden  ,12039,5.210866393,
Gilchrist  ,12041,0,
Glades  ,12043,14.54481986,
Gulf  ,12045,14.97585144,
Hamilton  ,12047,0,
Hardee  ,12049,11.67994043,
Hendry  ,12051,12.57437744,
Hernando  ,12053,21.32203156,
Highlands  ,12055,19.52851459,
Hillsborough  ,12057,16.3495493,
Holmes  ,12059,20.5136621,
Indian River  ,12061,20.10494251,
Jackson  ,12063,11.14486676,
Jefferson  ,12065,0,
Lafayette  ,12067,23.095755,
Lake  ,12069,16.55281151,
Lee  ,12071,23.37627322,
Leon  ,12073,9.022289219,
Levy  ,12075,20.94439264,
Liberty  ,12077,0,
Madison  ,12079,14.11080236,
Manatee  ,12081,35.74808342,
Marion  ,12083,31.16101711,
Martin  ,12085,23.18771533,
Miami-Dade  ,12086,9.453470848,
Monroe  ,12087,25.40604301,
Nassau  ,12089,20.77983762,
Okaloosa  ,12091,21.5580403,
Okeechobee  ,12093,25.73314726,
Orange  ,12095,16.96250057,
Osceola  ,12097,17.09665645,
Palm Beach  ,12099,30.8804387,
Pasco  ,12101,29.40394341,
Pinellas  ,12103,26.57171485,
Polk  ,12105,18.92166818,
Putnam  ,12107,17.85370945,
St. Johns  ,12109,13.67049356,
St. Lucie  ,12111,23.97545749,
Santa Rosa  ,12113,15.32916754,
Sarasota  ,12115,24.11547869,
Seminole  ,12117,19.40613708,
Sumter  ,12119,11.94457716,
Suwannee  ,12121,10.45658924,
Taylor  ,12123,13.54940112,
Union  ,12125,30.25400208,
Volusia  ,12127,25.06614889,
Wakulla  ,12129,15.67978124,
Walton  ,12131,13.60840455,
Washington  ,12133,13.80385534,
Appling  ,13001,14.06165495,
Atkinson  ,13003,0,
Bacon  ,13005,0,
Baker  ,13007,0,
Baldwin  ,13009,5.746084927,
Banks  ,13011,17.23970736,
Barrow  ,13013,17.63458037,
Bartow  ,13015,20.97154027,
Ben Hill  ,13017,0,
Berrien  ,13019,0,
Bibb  ,13021,10.56967963,
Bleckley  ,13023,0,
Brantley  ,13025,28.00064617,
Brooks  ,13027,0,
Bryan  ,13029,12.19228339,
Bulloch  ,13031,4.826966654,
Burke  ,13033,14.14839902,
Butts  ,13035,21.00310846,
Calhoun  ,13037,0,
Camden  ,13039,12.12773537,
Candler  ,13043,0,
Carroll  ,13045,21.52085285,
Catoosa  ,13047,23.79238583,
Charlton  ,13049,21.86065395,
Chatham  ,13051,12.22975541,
Chattahoochee  ,13053,0,
Chattooga  ,13055,23.34097952,
Cherokee  ,13057,19.16886448,
Clarke  ,13059,11.37909868,
Clay  ,13061,0,
Clayton  ,13063,9.529084126,
Clinch  ,13065,0,
Cobb  ,13067,16.79576457,
Coffee  ,13069,20.92653391,
Colquitt  ,13071,7.857482724,
Columbia  ,13073,15.34015088,
Cook  ,13075,0,
Coweta  ,13077,12.93528661,
Crawford  ,13079,0,
Crisp  ,13081,0,
Dade  ,13083,12.28184375,
Dawson  ,13085,27.65324507,
Decatur  ,13087,8.921468771,
DeKalb  ,13089,11.22151596,
Dodge  ,13091,16.36881836,
Dooly  ,13093,0,
Dougherty  ,13095,7.260710097,
Douglas  ,13097,18.70746864,
Early  ,13099,0,
Echols  ,13101,0,
Effingham  ,13103,9.202046262,
Elbert  ,13105,17.67629505,
Emanuel  ,13107,0,
Evans  ,13109,0,
Fannin  ,13111,20.92690073,
Fayette  ,13113,10.75243767,
Floyd  ,13115,15.06188785,
Forsyth  ,13117,12.88182828,
Franklin  ,13119,25.72335858,
Fulton  ,13121,16.18586133,
Gilmer  ,13123,18.06600112,
Glascock  ,13125,0,
Glynn  ,13127,14.97301293,
Gordon  ,13129,14.77317894,
Grady  ,13131,0,
Greene  ,13133,14.08748327,
Gwinnett  ,13135,10.2011053,
Habersham  ,13137,10.36274099,
Hall  ,13139,15.67564046,
Hancock  ,13141,0,
Haralson  ,13143,28.90054085,
Harris  ,13145,8.912708929,
Hart  ,13147,0,
Heard  ,13149,0,
Henry  ,13151,15.41361211,
Houston  ,13153,11.70722981,
Irwin  ,13155,0,
Jackson  ,13157,20.13508814,
Jasper  ,13159,14.55074573,
Jeff Davis  ,13161,21.41614242,
Jefferson  ,13163,0,
Jenkins  ,13165,0,
Johnson  ,13167,0,
Jones  ,13169,13.28764249,
Lamar  ,13171,19.46450971,
Lanier  ,13173,0,
Laurens  ,13175,10.51511443,
Lee  ,13177,9.526142457,
Liberty  ,13179,9.900420928,
Lincoln  ,13181,0,
Long  ,13183,10.95374235,
Lowndes  ,13185,8.728654076,
Lumpkin  ,13187,22.52012736,
McDuffie  ,13189,10.23932085,
McIntosh  ,13191,18.42508079,
Macon  ,13193,0,
Madison  ,13195,23.52469055,
Marion  ,13197,0,
Meriwether  ,13199,16.10168689,
Miller  ,13201,0,
Mitchell  ,13205,9.796238245,
Monroe  ,13207,13.2262497,
Montgomery  ,13209,0,
Morgan  ,13211,14.21743933,
Murray  ,13213,23.23314461,
Muscogee  ,13215,10.53517685,
Newton  ,13217,12.17762091,
Oconee  ,13219,7.019590056,
Oglethorpe  ,13221,0,
Paulding  ,13223,16.91139072,
Peach  ,13225,11.87886527,
Pickens  ,13227,19.39162023,
Pierce  ,13229,17.71553027,
Pike  ,13231,0,
Polk  ,13233,17.7043658,
Pulaski  ,13235,0,
Putnam  ,13237,0,
Quitman  ,13239,0,
Rabun  ,13241,23.0157961,
Randolph  ,13243,0,
Richmond  ,13245,24.50003075,
Rockdale  ,13247,16.33581056,
Schley  ,13249,0,
Screven  ,13251,0,
Seminole  ,13253,0,
Spalding  ,13255,17.88329608,
Stephens  ,13257,17.86518774,
Stewart  ,13259,0,
Sumter  ,13261,7.237794447,
Talbot  ,13263,0,
Taliaferro  ,13265,0,
Tattnall  ,13267,18.21493625,
Taylor  ,13269,0,
Telfair  ,13271,0,
Terrell  ,13273,0,
Thomas  ,13275,8.017924516,
Tift  ,13277,9.338215418,
Toombs  ,13279,16.22359058,
Towns  ,13281,0,
Treutlen  ,13283,0,
Troup  ,13285,15.75673887,
Turner  ,13287,0,
Twiggs  ,13289,0,
Union  ,13291,17.44606984,
Upson  ,13293,12.94656116,
Walker  ,13295,16.34898067,
Walton  ,13297,18.83443644,
Ware  ,13299,19.64371906,
Warren  ,13301,0,
Washington  ,13303,0,
Wayne  ,13305,22.11618368,
Webster  ,13307,0,
Wheeler  ,13309,0,
White  ,13311,15.90638745,
Whitfield  ,13313,11.70674788,
Wilcox  ,13315,0,
Wilkes  ,13317,20.25111381,
Wilkinson  ,13319,0,
Worth  ,13321,16.46983598,
Hawaii  ,15001,13.02463271,
Honolulu  ,15003,14.31791878,
Kalawao  ,15005,0,
Kauai  ,15007,13.94579548,
Maui  ,15009,15.24484307,
Ada  ,16001,15.05855357,
Adams  ,16003,0,
Bannock  ,16005,24.53553524,
Bear Lake  ,16007,0,
Benewah  ,16009,24.08477842,
Bingham  ,16011,12.30104163,
Blaine  ,16013,9.133254178,
Boise  ,16015,0,
Bonner  ,16017,12.13439307,
Bonneville  ,16019,22.75988499,
Boundary  ,16021,0,
Butte  ,16023,0,
Camas  ,16025,0,
Canyon  ,16027,11.48216923,
Caribou  ,16029,0,
Cassia  ,16031,10.16277376,
Clark  ,16033,0,
Clearwater  ,16035,0,
Custer  ,16037,0,
Elmore  ,16039,9.843264935,
Franklin  ,16041,0,
Fremont  ,16043,0,
Gem  ,16045,20.95093988,
Gooding  ,16047,14.50173362,
Idaho  ,16049,17.17264643,
Jefferson  ,16051,0,
Jerome  ,16053,8.600818798,
Kootenai  ,16055,13.61646944,
Latah  ,16057,13.27533035,
Lemhi  ,16059,0,
Lewis  ,16061,0,
Lincoln  ,16063,0,
Madison  ,16065,0,
Minidoka  ,16067,13.59830604,
Nez Perce  ,16069,16.40020475,
Oneida  ,16071,0,
Owyhee  ,16073,0,
Payette  ,16075,19.04366192,
Power  ,16077,0,
Shoshone  ,16079,31.94275858,
Teton  ,16081,0,
Twin Falls  ,16083,17.70301047,
Valley  ,16085,21.09178762,
Washington  ,16087,0,
Adams  ,17001,16.54115439,
Alexander  ,17003,0,
Bond  ,17005,27.18001442,
Boone  ,17007,19.39958291,
Brown  ,17009,0,
Bureau  ,17011,16.7642586,
Calhoun  ,17013,0,
Carroll  ,17015,0,
Cass  ,17017,0,
Champaign  ,17019,14.94546343,
Christian  ,17021,21.60786526,
Clark  ,17023,15.10193808,
Clay  ,17025,0,
Clinton  ,17027,9.542743539,
Coles  ,17029,9.959854126,
Cook  ,17031,19.01845814,
Crawford  ,17033,0,
Cumberland  ,17035,0,
DeKalb  ,17037,13.18761969,
De Witt  ,17039,22.36914053,
Douglas  ,17041,11.15969524,
DuPage  ,17043,14.07231537,
Edgar  ,17045,15.95277977,
Edwards  ,17047,0,
Effingham  ,17049,15.16769049,
Fayette  ,17051,17.44687885,
Ford  ,17053,0,
Franklin  ,17055,31.6659346,
Fulton  ,17057,15.23736427,
Gallatin  ,17059,0,
Greene  ,17061,22.73209469,
Grundy  ,17063,17.78930349,
Hamilton  ,17065,0,
Hancock  ,17067,0,
Hardin  ,17069,0,
Henderson  ,17071,0,
Henry  ,17073,8.913305945,
Iroquois  ,17075,22.63643759,
Jackson  ,17077,21.45688868,
Jasper  ,17079,0,
Jefferson  ,17081,19.85931245,
Jersey  ,17083,36.1154249,
Jo Daviess  ,17085,0,
Johnson  ,17087,0,
Kane  ,17089,11.73483339,
Kankakee  ,17091,21.74342397,
Kendall  ,17093,12.99049128,
Knox  ,17095,13.71484103,
Lake  ,17097,12.82527062,
LaSalle  ,17099,26.77700724,
Lawrence  ,17101,15.98622725,
Lee  ,17103,15.0988101,
Livingston  ,17105,23.4487046,
Logan  ,17107,20.41691337,
McDonough  ,17109,6.452154052,
McHenry  ,17111,18.51464476,
McLean  ,17113,15.95812957,
Macon  ,17115,17.64542458,
Macoupin  ,17117,17.4546724,
Madison  ,17119,33.12212957,
Marion  ,17121,24.66259471,
Marshall  ,17123,0,
Mason  ,17125,0,
Massac  ,17127,19.24319272,
Menard  ,17129,19.33519166,
Mercer  ,17131,12.69809021,
Monroe  ,17133,9.994062351,
Montgomery  ,17135,19.3637621,
Morgan  ,17137,15.71521699,
Moultrie  ,17139,0,
Ogle  ,17141,15.56402065,
Peoria  ,17143,23.85656565,
Perry  ,17145,17.75186628,
Piatt  ,17147,15.81143045,
Pike  ,17149,12.59556888,
Pope  ,17151,0,
Pulaski  ,17153,0,
Putnam  ,17155,0,
Randolph  ,17157,19.64745105,
Richland  ,17159,0,
Rock Island  ,17161,12.13349603,
St. Clair  ,17163,20.81943471,
Saline  ,17165,23.87322494,
Sangamon  ,17167,21.6816885,
Schuyler  ,17169,0,
Scott  ,17171,0,
Shelby  ,17173,11.00917431,
Stark  ,17175,0,
Stephenson  ,17177,13.61948905,
Tazewell  ,17179,19.53049291,
Union  ,17181,15.13246729,
Vermilion  ,17183,25.26567237,
Wabash  ,17185,0,
Warren  ,17187,0,
Washington  ,17189,19.77792219,
Wayne  ,17191,0,
White  ,17193,0,
Whiteside  ,17195,14.88121601,
Will  ,17197,17.637595,
Williamson  ,17199,20.21294937,
Winnebago  ,17201,38.5219862,
Woodford  ,17203,12.32393462,
Adams  ,18001,10.78748652,
Allen  ,18003,19.96762008,
Bartholomew  ,18005,22.32723383,
Benton  ,18007,0,
Blackford  ,18009,41.14955394,
Boone  ,18011,19.82737789,
Brown  ,18013,22.63045793,
Carroll  ,18015,14.01191012,
Cass  ,18017,16.81449409,
Clark  ,18019,40.34503627,
Clay  ,18021,15.18118747,
Clinton  ,18023,19.08761214,
Crawford  ,18025,18.93903525,
Daviess  ,18027,9.098408385,
Dearborn  ,18029,32.31004721,
Decatur  ,18031,19.52333038,
De Kalb  ,18033,10.29095332,
Delaware  ,18035,35.20367223,
Dubois  ,18037,9.883236619,
Elkhart  ,18039,13.8259964,
Fayette  ,18041,69.53446248,
Floyd  ,18043,31.44498816,
Fountain  ,18045,18.16178518,
Franklin  ,18047,30.73518564,
Fulton  ,18049,17.80327382,
Gibson  ,18051,7.13160788,
Grant  ,18053,33.93745981,
Greene  ,18055,18.56883778,
Hamilton  ,18057,12.00612186,
Hancock  ,18059,24.62447673,
Harrison  ,18061,22.61863474,
Hendricks  ,18063,15.51730987,
Henry  ,18065,18.49963823,
Howard  ,18067,32.21626073,
Huntington  ,18069,15.90670989,
Jackson  ,18071,35.48971253,
Jasper  ,18073,15.55070427,
Jay  ,18075,32.36399981,
Jefferson  ,18077,16.70533643,
Jennings  ,18079,35.99919362,
Johnson  ,18081,20.6776201,
Knox  ,18083,13.29702359,
Kosciusko  ,18085,14.69001535,
Lagrange  ,18087,5.128520729,
Lake  ,18089,24.48654267,
La Porte  ,18091,22.99146057,
Lawrence  ,18093,11.83945696,
Madison  ,18095,30.85338932,
Marion  ,18097,32.92900304,
Marshall  ,18099,14.14693955,
Martin  ,18101,0,
Miami  ,18103,15.07445104,
Monroe  ,18105,17.870816,
Montgomery  ,18107,22.47566878,
Morgan  ,18109,30.09734341,
Newton  ,18111,32.75000356,
Noble  ,18113,8.404314775,
Ohio  ,18115,33.81005511,
Orange  ,18117,11.28425026,
Owen  ,18119,12.45628324,
Parke  ,18121,0,
Perry  ,18123,11.46430433,
Pike  ,18125,0,
Porter  ,18127,25.22149109,
Posey  ,18129,8.616435459,
Pulaski  ,18131,33.06097388,
Putnam  ,18133,13.82096534,
Randolph  ,18135,39.86891102,
Ripley  ,18137,26.57175423,
Rush  ,18139,23.94607344,
St. Joseph  ,18141,22.13301347,
Scott  ,18143,50.44814771,
Shelby  ,18145,21.13603965,
Spencer  ,18147,0,
Starke  ,18149,40.04561718,
Steuben  ,18151,8.727729743,
Sullivan  ,18153,17.27182007,
Switzerland  ,18155,26.45702623,
Tippecanoe  ,18157,17.11684319,
Tipton  ,18159,19.7057278,
Union  ,18161,55.74602113,
Vanderburgh  ,18163,26.97661513,
Vermillion  ,18165,20.50913939,
Vigo  ,18167,16.88612443,
Wabash  ,18169,23.91817467,
Warren  ,18171,0,
Warrick  ,18173,7.404045184,
Washington  ,18175,26.59096626,
Wayne  ,18177,59.09509511,
Wells  ,18179,15.71821527,
White  ,18181,21.47695358,
Whitley  ,18183,6.544191138,
Adair  ,19001,0,
Adams  ,19003,0,
Allamakee  ,19005,0,
Appanoose  ,19007,0,
Audubon  ,19009,0,
Benton  ,19011,0,
Black Hawk  ,19013,10.38668577,
Boone  ,19015,7.55070297,
Bremer  ,19017,0,
Buchanan  ,19019,9.479301944,
Buena Vista  ,19021,0,
Butler  ,19023,0,
Calhoun  ,19025,0,
Carroll  ,19027,0,
Cass  ,19029,0,
Cedar  ,19031,0,
Cerro Gordo  ,19033,17.2097826,
Cherokee  ,19035,0,
Chickasaw  ,19037,0,
Clarke  ,19039,0,
Clay  ,19041,0,
Clayton  ,19043,0,
Clinton  ,19045,10.5638564,
Crawford  ,19047,0,
Dallas  ,19049,5.483188069,
Davis  ,19051,0,
Decatur  ,19053,0,
Delaware  ,19055,0,
Des Moines  ,19057,12.58786329,
Dickinson  ,19059,0,
Dubuque  ,19061,9.909309177,
Emmet  ,19063,0,
Fayette  ,19065,0,
Floyd  ,19067,0,
Franklin  ,19069,0,
Fremont  ,19071,0,
Greene  ,19073,0,
Grundy  ,19075,0,
Guthrie  ,19077,0,
Hamilton  ,19079,0,
Hancock  ,19081,0,
Hardin  ,19083,0,
Harrison  ,19085,0,
Henry  ,19087,0,
Howard  ,19089,0,
Humboldt  ,19091,0,
Ida  ,19093,0,
Iowa  ,19095,0,
Jackson  ,19097,0,
Jasper  ,19099,12.46477347,
Jefferson  ,19101,11.13920667,
Johnson  ,19103,7.906700929,
Jones  ,19105,0,
Keokuk  ,19107,0,
Kossuth  ,19109,0,
Lee  ,19111,14.42252221,
Linn  ,19113,12.98055081,
Louisa  ,19115,0,
Lucas  ,19117,0,
Lyon  ,19119,0,
Madison  ,19121,0,
Mahaska  ,19123,10.800108,
Marion  ,19125,11.42101467,
Marshall  ,19127,4.945769636,
Mills  ,19129,0,
Mitchell  ,19131,0,
Monona  ,19133,0,
Monroe  ,19135,0,
Montgomery  ,19137,0,
Muscatine  ,19139,6.987696995,
O'Brien  ,19141,0,
Osceola  ,19143,0,
Page  ,19145,0,
Palo Alto  ,19147,0,
Plymouth  ,19149,0,
Pocahontas  ,19151,0,
Polk  ,19153,15.3544257,
Pottawattamie  ,19155,12.62572223,
Poweshiek  ,19157,0,
Ringgold  ,19159,0,
Sac  ,19161,0,
Scott  ,19163,16.12942529,
Shelby  ,19165,0,
Sioux  ,19167,0,
Story  ,19169,6.835255835,
Tama  ,19171,0,
Taylor  ,19173,0,
Union  ,19175,0,
Van Buren  ,19177,0,
Wapello  ,19179,11.38848397,
Warren  ,19181,10.50539007,
Washington  ,19183,0,
Wayne  ,19185,0,
Webster  ,19187,12.52198152,
Winnebago  ,19189,0,
Winneshiek  ,19191,0,
Woodbury  ,19193,8.970358814,
Worth  ,19195,0,
Wright  ,19197,0,
Allen  ,20001,0,
Anderson  ,20003,0,
Atchison  ,20005,13.44480297,
Barber  ,20007,0,
Barton  ,20009,7.471049682,
Bourbon  ,20011,0,
Brown  ,20013,0,
Butler  ,20015,14.38693666,
Chase  ,20017,0,
Chautauqua  ,20019,0,
Cherokee  ,20021,12.78319698,
Cheyenne  ,20023,0,
Clark  ,20025,0,
Clay  ,20027,0,
Cloud  ,20029,0,
Coffey  ,20031,0,
Comanche  ,20033,0,
Cowley  ,20035,17.4076133,
Crawford  ,20037,8.174776726,
Decatur  ,20039,0,
Dickinson  ,20041,0,
Doniphan  ,20043,0,
Douglas  ,20045,10.7327266,
Edwards  ,20047,0,
Elk  ,20049,0,
Ellis  ,20051,8.314049358,
Ellsworth  ,20053,0,
Finney  ,20055,10.82725654,
Ford  ,20057,5.828490829,
Franklin  ,20059,14.82706955,
Geary  ,20061,8.533491108,
Gove  ,20063,0,
Graham  ,20065,0,
Grant  ,20067,0,
Gray  ,20069,0,
Greeley  ,20071,0,
Greenwood  ,20073,32.36141225,
Hamilton  ,20075,0,
Harper  ,20077,0,
Harvey  ,20079,10.94722286,
Haskell  ,20081,0,
Hodgeman  ,20083,0,
Jackson  ,20085,0,
Jefferson  ,20087,10.56468227,
Jewell  ,20089,0,
Johnson  ,20091,9.632414098,
Kearny  ,20093,0,
Kingman  ,20095,0,
Kiowa  ,20097,0,
Labette  ,20099,13.68309942,
Lane  ,20101,0,
Leavenworth  ,20103,13.47429778,
Lincoln  ,20105,0,
Linn  ,20107,27.04276918,
Logan  ,20109,0,
Lyon  ,20111,8.390317574,
McPherson  ,20113,7.626654464,
Marion  ,20115,0,
Marshall  ,20117,0,
Meade  ,20119,0,
Miami  ,20121,16.92047377,
Mitchell  ,20123,0,
Montgomery  ,20125,18.20377304,
Morris  ,20127,0,
Morton  ,20129,0,
Nemaha  ,20131,0,
Neosho  ,20133,16.07438732,
Ness  ,20135,0,
Norton  ,20137,0,
Osage  ,20139,17.64579841,
Osborne  ,20141,0,
Ottawa  ,20143,0,
Pawnee  ,20145,0,
Phillips  ,20147,0,
Pottawatomie  ,20149,11.01312256,
Pratt  ,20151,0,
Rawlins  ,20153,0,
Reno  ,20155,17.42800649,
Republic  ,20157,0,
Rice  ,20159,0,
Riley  ,20161,4.843149231,
Rooks  ,20163,0,
Rush  ,20165,0,
Russell  ,20167,0,
Saline  ,20169,17.77145904,
Scott  ,20171,0,
Sedgwick  ,20173,16.95533714,
Seward  ,20175,0,
Shawnee  ,20177,15.825573,
Sheridan  ,20179,0,
Sherman  ,20181,0,
Smith  ,20183,0,
Stafford  ,20185,0,
Stanton  ,20187,0,
Stevens  ,20189,0,
Sumner  ,20191,0,
Thomas  ,20193,0,
Trego  ,20195,0,
Wabaunsee  ,20197,0,
Wallace  ,20199,0,
Washington  ,20201,0,
Wichita  ,20203,0,
Wilson  ,20205,0,
Woodson  ,20207,0,
Wyandotte  ,20209,10.12876961,
Adair  ,21001,16.63011506,
Allen  ,21003,19.28454344,
Anderson  ,21005,32.36478711,
Ballard  ,21007,24.67673477,
Barren  ,21009,15.54726368,
Bath  ,21011,35.75956568,
Bell  ,21013,51.58627805,
Boone  ,21015,35.818285,
Bourbon  ,21017,25.91422392,
Boyd  ,21019,54.88382923,
Boyle  ,21021,30.08886244,
Bracken  ,21023,33.62717075,
Breathitt  ,21025,31.89114489,
Breckinridge  ,21027,11.95624016,
Bullitt  ,21029,31.98001627,
Butler  ,21031,28.01076858,
Caldwell  ,21033,18.94896412,
Calloway  ,21035,10.35646969,
Campbell  ,21037,63.67081754,
Carlisle  ,21039,0,
Carroll  ,21041,39.14769867,
Carter  ,21043,38.35515397,
Casey  ,21045,34.11158278,
Christian  ,21047,6.906134581,
Clark  ,21049,44.53623858,
Clay  ,21051,21.27721307,
Clinton  ,21053,43.13894663,
Crittenden  ,21055,0,
Cumberland  ,21057,29.75570566,
Daviess  ,21059,13.83636196,
Edmonson  ,21061,24.73859551,
Elliott  ,21063,28.99391128,
Estill  ,21065,55.86280096,
Fayette  ,21067,38.31458603,
Fleming  ,21069,27.56073697,
Floyd  ,21071,46.46388244,
Franklin  ,21073,33.71477302,
Fulton  ,21075,0,
Gallatin  ,21077,78.26527324,
Garrard  ,21079,30.06823176,
Grant  ,21081,48.13091609,
Graves  ,21083,12.32193465,
Grayson  ,21085,32.75491705,
Green  ,21087,0,
Greenup  ,21089,34.06774455,
Hancock  ,21091,0,
Hardin  ,21093,18.31813606,
Harlan  ,21095,35.2536796,
Harrison  ,21097,63.06113724,
Hart  ,21099,21.42681137,
Henderson  ,21101,11.27268628,
Henry  ,21103,29.06903263,
Hickman  ,21105,0,
Hopkins  ,21107,18.76770384,
Jackson  ,21109,16.44687659,
Jefferson  ,21111,37.77401169,
Jessamine  ,21113,36.58146234,
Johnson  ,21115,22.7282661,
Kenton  ,21117,62.51999186,
Knott  ,21119,32.23892915,
Knox  ,21121,31.69652479,
Larue  ,21123,0,
Laurel  ,21125,22.57621131,
Lawrence  ,21127,31.76539351,
Lee  ,21129,40.54562831,
Leslie  ,21131,58.88610288,
Letcher  ,21133,29.95779475,
Lewis  ,21135,26.62721893,
Lincoln  ,21137,28.59944435,
Livingston  ,21139,23.67882897,
Logan  ,21141,13.39096408,
Lyon  ,21143,0,
McCracken  ,21145,19.00517125,
McCreary  ,21147,22.69503546,
McLean  ,21149,0,
Madison  ,21151,38.58979936,
Magoffin  ,21153,23.69481084,
Marion  ,21155,15.40420638,
Marshall  ,21157,20.51387251,
Martin  ,21159,40.25427282,
Mason  ,21161,41.96831392,
Meade  ,21163,23.93388616,
Menifee  ,21165,0,
Mercer  ,21167,24.18649649,
Metcalfe  ,21169,21.97626563,
Monroe  ,21171,18.74906255,
Montgomery  ,21173,43.88994417,
Morgan  ,21175,0,
Muhlenberg  ,21177,17.41845582,
Nelson  ,21179,22.4681481,
Nicholas  ,21181,0,
Ohio  ,21183,16.55081099,
Oldham  ,21185,16.5233622,
Owen  ,21187,54.04196638,
Owsley  ,21189,44.70872267,
Pendleton  ,21191,52.36828687,
Perry  ,21193,38.47576767,
Pike  ,21195,37.9956784,
Powell  ,21197,54.99215553,
Pulaski  ,21199,19.9603911,
Robertson  ,21201,0,
Rockcastle  ,21203,33.30716342,
Rowan  ,21205,26.42487902,
Russell  ,21207,47.32181085,
Scott  ,21209,28.66929779,
Shelby  ,21211,25.33776529,
Simpson  ,21213,22.08675678,
Spencer  ,21215,27.43122991,
Taylor  ,21217,24.39120343,
Todd  ,21219,17.77059774,
Trigg  ,21221,19.51872403,
Trimble  ,21223,25.43293797,
Union  ,21225,25.58302364,
Warren  ,21227,14.30951806,
Washington  ,21229,16.55053706,
Wayne  ,21231,22.41999474,
Webster  ,21233,18.22295789,
Whitley  ,21235,40.5141411,
Wolfe  ,21237,30.49372107,
Woodford  ,21239,26.07741926,
Acadia Parish ,22001,13.7605284,
Allen Parish ,22003,11.69080168,
Ascension Parish ,22005,20.96778721,
Assumption Parish ,22007,14.10972072,
Avoyelles Parish ,22009,20.99537613,
Beauregard Parish ,22011,7.618301336,
Bienville Parish ,22013,0,
Bossier Parish ,22015,9.823883127,
Caddo Parish ,22017,12.15372938,
Calcasieu Parish ,22019,14.06975004,
Caldwell Parish ,22021,0,
Cameron Parish ,22023,0,
Catahoula Parish ,22025,0,
Claiborne Parish ,22027,13.62195364,
Concordia Parish ,22029,10.00340116,
De Soto Parish ,22031,9.550466871,
East Baton Rouge Parish ,22033,18.85897795,
East Carroll Parish ,22035,0,
East Feliciana Parish ,22037,0,
Evangeline Parish ,22039,20.79582657,
Franklin Parish ,22041,0,
Grant Parish ,22043,13.40362792,
Iberia Parish ,22045,17.28840908,
Iberville Parish ,22047,16.35471561,
Jackson Parish ,22049,15.11182752,
Jefferson Parish ,22051,33.64501575,
Jefferson Davis Parish ,22053,20.33191857,
Lafayette Parish ,22055,16.30063697,
Lafourche Parish ,22057,19.95150563,
LaSalle Parish ,22059,18.73787057,
Lincoln Parish ,22061,4.620373326,
Livingston Parish ,22063,35.43165884,
Madison Parish ,22065,0,
Morehouse Parish ,22067,21.49464553,
Natchitoches Parish ,22069,8.197267236,
Orleans Parish ,22071,35.85111785,
Ouachita Parish ,22073,16.52960337,
Plaquemines Parish ,22075,29.01915264,
Pointe Coupee Parish ,22077,16.21271077,
Rapides Parish ,22079,21.08415003,
Red River Parish ,22081,0,
Richland Parish ,22083,10.75310863,
Sabine Parish ,22085,11.62674816,
St. Bernard Parish ,22087,39.39972333,
St. Charles Parish ,22089,20.44618111,
St. Helena Parish ,22091,34.40169715,
St. James Parish ,22093,12.1307131,
St. John the Baptist Parish ,22095,23.43459222,
St. Landry Parish ,22097,15.56137045,
St. Martin Parish ,22099,10.41089575,
St. Mary Parish ,22101,20.86456579,
St. Tammany Parish ,22103,29.82696405,
Tangipahoa Parish ,22105,28.18679265,
Tensas Parish ,22107,0,
Terrebonne Parish ,22109,29.9843691,
Union Parish ,22111,0,
Vermilion Parish ,22113,13.68208181,
Vernon Parish ,22115,12.24860721,
Washington Parish ,22117,54.2677727,
Webster Parish ,22119,12.61097659,
West Baton Rouge Parish ,22121,16.27124948,
West Carroll Parish ,22123,19.67975669,
West Feliciana Parish ,22125,14.29035401,
Winn Parish ,22127,0,
Androscoggin  ,23001,25.49681569,
Aroostook  ,23003,14.6714476,
Cumberland  ,23005,24.72744857,
Franklin  ,23007,11.98617594,
Hancock  ,23009,20.14047063,
Kennebec  ,23011,31.54079248,
Knox  ,23013,19.61415438,
Lincoln  ,23015,22.23509517,
Oxford  ,23017,17.43898101,
Penobscot  ,23019,28.51642323,
Piscataquis  ,23021,23.70426558,
Sagadahoc  ,23023,10.76529947,
Somerset  ,23025,26.72861416,
Waldo  ,23027,20.29467874,
Washington  ,23029,42.4141904,
York  ,23031,30.74976199,
Allegany  ,24001,41.36590783,
Anne Arundel  ,24003,35.04648233,
Baltimore  ,24005,41.20503771,
Calvert  ,24009,34.43254292,
Caroline  ,24011,37.69821967,
Carroll  ,24013,33.24107644,
Cecil  ,24015,50.68818965,
Charles  ,24017,23.29783368,
Dorchester  ,24019,21.06828603,
Frederick  ,24021,28.45069109,
Garrett  ,24023,16.33097441,
Harford  ,24025,32.60325889,
Howard  ,24027,14.58112407,
Kent  ,24029,25.48316073,
Montgomery  ,24031,10.10371038,
Prince George's  ,24033,12.85189207,
Queen Anne's  ,24035,27.97395584,
St. Mary's  ,24037,23.58351512,
Somerset  ,24039,27.87499613,
Talbot  ,24041,23.05580577,
Washington  ,24043,41.28082413,
Wicomico  ,24045,25.75087202,
Worcester  ,24047,34.86048061,
Baltimore city ,24510,77.63265309,
Barnstable  ,25001,37.83702984,
Berkshire  ,25003,32.22728252,
Bristol  ,25005,42.9727404,
Dukes  ,25007,27.72066807,
Essex  ,25009,36.02568721,
Franklin  ,25011,26.02472349,
Hampden  ,25013,30.88336652,
Hampshire  ,25015,20.31623961,
Middlesex  ,25017,23.33323998,
Nantucket  ,25019,0,
Norfolk  ,25021,26.55271817,
Plymouth  ,25023,35.2929156,
Suffolk  ,25025,30.01426249,
Worcester  ,25027,30.32381256,
Alcona  ,26001,0,
Alger  ,26003,0,
Allegan  ,26005,14.19190923,
Alpena  ,26007,15.35058646,
Antrim  ,26009,15.48760131,
Arenac  ,26011,0,
Baraga  ,26013,0,
Barry  ,26015,12.664978,
Bay  ,26017,24.20213932,
Benzie  ,26019,22.75986071,
Berrien  ,26021,20.58841429,
Branch  ,26023,16.99836448,
Calhoun  ,26025,33.62129626,
Cass  ,26027,13.18350666,
Charlevoix  ,26029,8.402334321,
Cheboygan  ,26031,15.71277055,
Chippewa  ,26033,13.73437715,
Clare  ,26035,28.7632458,
Clinton  ,26037,12.5528372,
Crawford  ,26039,31.83883759,
Delta  ,26041,7.183908046,
Dickinson  ,26043,27.32709755,
Eaton  ,26045,20.1689424,
Emmet  ,26047,9.635767971,
Genesee  ,26049,37.96473823,
Gladwin  ,26051,18.21522476,
Gogebic  ,26053,0,
Grand Traverse  ,26055,15.47238724,
Gratiot  ,26057,9.707606881,
Hillsdale  ,26059,15.70865678,
Houghton  ,26061,9.343020763,
Huron  ,26063,20.26920032,
Ingham  ,26065,25.94269439,
Ionia  ,26067,17.74319066,
Iosco  ,26069,24.53793486,
Iron  ,26071,23.14361503,
Isabella  ,26073,14.68010084,
Jackson  ,26075,32.19485939,
Kalamazoo  ,26077,18.34035106,
Kalkaska  ,26079,17.16738197,
Kent  ,26081,14.51641492,
Keweenaw  ,26083,0,
Lake  ,26085,0,
Lapeer  ,26087,17.00418076,
Leelanau  ,26089,0,
Lenawee  ,26091,23.93446015,
Livingston  ,26093,21.00994152,
Luce  ,26095,0,
Mackinac  ,26097,0,
Macomb  ,26099,37.56785261,
Manistee  ,26101,27.00292123,
Marquette  ,26103,20.03924102,
Mason  ,26105,20.73885632,
Mecosta  ,26107,10.16588882,
Menominee  ,26109,17.15677864,
Midland  ,26111,12.22608183,
Missaukee  ,26113,13.30618871,
Monroe  ,26115,35.79595239,
Montcalm  ,26117,18.9675339,
Montmorency  ,26119,0,
Muskegon  ,26121,25.6403445,
Newaygo  ,26123,12.03719077,
Oakland  ,26125,23.6598917,
Oceana  ,26127,15.979303,
Ogemaw  ,26129,28.62240371,
Ontonagon  ,26131,0,
Osceola  ,26133,21.56324932,
Oscoda  ,26135,0,
Otsego  ,26137,25.39235281,
Ottawa  ,26139,12.9294448,
Presque Isle  ,26141,0,
Roscommon  ,26143,27.65394027,
Saginaw  ,26145,22.62868508,
St. Clair  ,26147,36.5810728,
St. Joseph  ,26149,15.09151693,
Sanilac  ,26151,14.98149061,
Schoolcraft  ,26153,0,
Shiawassee  ,26155,19.2563546,
Tuscola  ,26157,14.63991441,
Van Buren  ,26159,18.3364337,
Washtenaw  ,26161,19.79051737,
Wayne  ,26163,39.66512296,
Wexford  ,26165,20.50737662,
Aitkin  ,27001,19.03867389,
Anoka  ,27003,12.83705915,
Becker  ,27005,23.09769734,
Beltrami  ,27007,16.03105692,
Benton  ,27009,16.0248385,
Big Stone  ,27011,0,
Blue Earth  ,27013,6.626246563,
Brown  ,27015,14.25844219,
Carlton  ,27017,19.07829395,
Carver  ,27019,6.971958782,
Cass  ,27021,28.93917262,
Chippewa  ,27023,0,
Chisago  ,27025,13.85364715,
Clay  ,27027,14.64926165,
Clearwater  ,27029,0,
Cook  ,27031,0,
Cottonwood  ,27033,0,
Crow Wing  ,27035,14.06487345,
Dakota  ,27037,9.752016731,
Dodge  ,27039,0,
Douglas  ,27041,5.351600128,
Faribault  ,27043,0,
Fillmore  ,27045,0,
Freeborn  ,27047,0,
Goodhue  ,27049,9.472918219,
Grant  ,27051,0,
Hennepin  ,27053,15.77887437,
Houston  ,27055,0,
Hubbard  ,27057,10.54690496,
Isanti  ,27059,14.32848041,
Itasca  ,27061,11.91995091,
Jackson  ,27063,0,
Kanabec  ,27065,12.52693291,
Kandiyohi  ,27067,11.27183919,
Kittson  ,27069,0,
Koochiching  ,27071,0,
Lac qui Parle  ,27073,0,
Lake  ,27075,0,
Lake of the Woods  ,27077,0,
Le Sueur  ,27079,0,
Lincoln  ,27081,0,
Lyon  ,27083,10.11696771,
McLeod  ,27085,6.688478538,
Mahnomen  ,27087,65.35473096,
Marshall  ,27089,0,
Martin  ,27091,0,
Meeker  ,27093,0,
Mille Lacs  ,27095,25.47298706,
Morrison  ,27097,17.61429552,
Mower  ,27099,13.69314176,
Murray  ,27101,0,
Nicollet  ,27103,7.134321437,
Nobles  ,27105,10.08471158,
Norman  ,27107,0,
Olmsted  ,27109,9.790713704,
Otter Tail  ,27111,9.63546954,
Pennington  ,27113,15.50868486,
Pine  ,27115,17.15571903,
Pipestone  ,27117,0,
Polk  ,27119,11.38916131,
Pope  ,27121,0,
Ramsey  ,27123,16.45986653,
Red Lake  ,27125,0,
Redwood  ,27127,15.6311059,
Renville  ,27129,0,
Rice  ,27131,8.519338899,
Rock  ,27133,0,
Roseau  ,27135,0,
St. Louis  ,27137,18.7790801,
Scott  ,27139,8.21475314,
Sherburne  ,27141,10.92158941,
Sibley  ,27143,0,
Stearns  ,27145,11.40513872,
Steele  ,27147,9.248026634,
Stevens  ,27149,0,
Swift  ,27151,0,
Todd  ,27153,0,
Traverse  ,27155,0,
Wabasha  ,27157,0,
Wadena  ,27159,15.98024261,
Waseca  ,27161,0,
Washington  ,27163,10.16111271,
Watonwan  ,27165,0,
Wilkin  ,27167,0,
Winona  ,27169,12.56735316,
Wright  ,27171,7.374919854,
Yellow Medicine  ,27173,0,
Adams  ,28001,12.78494445,
Alcorn  ,28003,15.57406542,
Amite  ,28005,0,
Attala  ,28007,0,
Benton  ,28009,0,
Bolivar  ,28011,0,
Calhoun  ,28013,0,
Carroll  ,28015,0,
Chickasaw  ,28017,0,
Choctaw  ,28019,0,
Claiborne  ,28021,0,
Clarke  ,28023,15.07064364,
Clay  ,28025,0,
Coahoma  ,28027,22.68564419,
Copiah  ,28029,7.686341371,
Covington  ,28031,14.50987708,
DeSoto  ,28033,18.28300963,
Forrest  ,28035,11.616855,
Franklin  ,28037,0,
George  ,28039,18.53177779,
Greene  ,28041,0,
Grenada  ,28043,0,
Hancock  ,28045,25.26258098,
Harrison  ,28047,19.00768088,
Hinds  ,28049,8.302675703,
Holmes  ,28051,0,
Humphreys  ,28053,0,
Issaquena  ,28055,0,
Itawamba  ,28057,8.496898632,
Jackson  ,28059,18.47068378,
Jasper  ,28061,0,
Jefferson  ,28063,0,
Jefferson Davis  ,28065,0,
Jones  ,28067,10.5618617,
Kemper  ,28069,0,
Lafayette  ,28071,3.716822711,
Lamar  ,28073,13.09534722,
Lauderdale  ,28075,8.516348809,
Lawrence  ,28077,15.88032586,
Leake  ,28079,14.02844267,
Lee  ,28081,10.09242786,
Leflore  ,28083,7.312905949,
Lincoln  ,28085,9.855129595,
Lowndes  ,28087,9.422596733,
Madison  ,28089,6.531992354,
Marion  ,28091,23.72179084,
Marshall  ,28093,6.14453053,
Monroe  ,28095,7.256934559,
Montgomery  ,28097,0,
Neshoba  ,28099,13.62165844,
Newton  ,28101,11.13534079,
Noxubee  ,28103,0,
Oktibbeha  ,28105,0,
Panola  ,28107,14.62441575,
Pearl River  ,28109,27.13635476,
Perry  ,28111,18.11832916,
Pike  ,28113,12.58102178,
Pontotoc  ,28115,17.21049713,
Prentiss  ,28117,10.25891934,
Quitman  ,28119,0,
Rankin  ,28121,13.27458885,
Scott  ,28123,8.472182999,
Sharkey  ,28125,0,
Simpson  ,28127,11.825398,
Smith  ,28129,12.46323346,
Stone  ,28131,16.52237129,
Sunflower  ,28133,0,
Tallahatchie  ,28135,0,
Tate  ,28137,23.96036673,
Tippah  ,28139,0,
Tishomingo  ,28141,25.65181256,
Tunica  ,28143,0,
Union  ,28145,9.859224361,
Walthall  ,28147,0,
Warren  ,28149,6.368020649,
Washington  ,28151,6.36664219,
Wayne  ,28153,15.64333203,
Webster  ,28155,0,
Wilkinson  ,28157,0,
Winston  ,28159,13.13398857,
Yalobusha  ,28161,0,
Yazoo  ,28163,13.06496919,
Adair  ,29001,16.52827516,
Andrew  ,29003,0,
Atchison  ,29005,0,
Audrain  ,29007,0,
Barry  ,29009,11.18712139,
Barton  ,29011,0,
Bates  ,29013,29.23228706,
Benton  ,29015,22.18302048,
Bollinger  ,29017,0,
Boone  ,29019,13.14356741,
Buchanan  ,29021,13.47829994,
Butler  ,29023,27.10698379,
Caldwell  ,29025,0,
Callaway  ,29027,16.92024775,
Camden  ,29029,18.2870804,
Cape Girardeau  ,29031,15.54369818,
Carroll  ,29033,0,
Carter  ,29035,0,
Cass  ,29037,14.98010758,
Cedar  ,29039,0,
Chariton  ,29041,0,
Christian  ,29043,14.68512255,
Clark  ,29045,0,
Clay  ,29047,14.3615418,
Clinton  ,29049,19.50420316,
Cole  ,29051,12.51916998,
Cooper  ,29053,0,
Crawford  ,29055,28.79781466,
Dade  ,29057,0,
Dallas  ,29059,0,
Daviess  ,29061,0,
DeKalb  ,29063,0,
Dent  ,29065,28.36659962,
Douglas  ,29067,0,
Dunklin  ,29069,23.63507445,
Franklin  ,29071,32.27386905,
Gasconade  ,29073,27.0405473,
Gentry  ,29075,0,
Greene  ,29077,27.97096282,
Grundy  ,29079,25.83363141,
Harrison  ,29081,0,
Henry  ,29083,12.85949168,
Hickory  ,29085,32.13849549,
Holt  ,29087,0,
Howard  ,29089,0,
Howell  ,29091,11.95939784,
Iron  ,29093,31.4855265,
Jackson  ,29095,18.83404004,
Jasper  ,29097,12.58171826,
Jefferson  ,29099,40.20646466,
Johnson  ,29101,5.930230834,
Knox  ,29103,0,
Laclede  ,29105,15.20629879,
Lafayette  ,29107,14.08916604,
Lawrence  ,29109,16.19839375,
Lewis  ,29111,0,
Lincoln  ,29113,28.7685962,
Linn  ,29115,0,
Livingston  ,29117,19.83208832,
McDonald  ,29119,11.40661057,
Macon  ,29121,0,
Madison  ,29123,17.84266018,
Maries  ,29125,29.23319092,
Marion  ,29127,20.15008338,
Mercer  ,29129,0,
Miller  ,29131,10.31549546,
Mississippi  ,29133,21.74259665,
Moniteau  ,29135,0,
Monroe  ,29137,0,
Montgomery  ,29139,24.08146415,
Morgan  ,29141,14.83283396,
New Madrid  ,29143,24.64350924,
Newton  ,29145,13.67694375,
Nodaway  ,29147,0,
Oregon  ,29149,18.60395892,
Osage  ,29151,0,
Ozark  ,29153,0,
Pemiscot  ,29155,11.72291713,
Perry  ,29157,18.74121506,
Pettis  ,29159,12.27613755,
Phelps  ,29161,21.00793385,
Pike  ,29163,12.9872941,
Platte  ,29165,10.94524338,
Polk  ,29167,19.04000305,
Pulaski  ,29169,23.16010084,
Putnam  ,29171,0,
Ralls  ,29173,0,
Randolph  ,29175,8.008136266,
Ray  ,29177,16.63005138,
Reynolds  ,29179,0,
Ripley  ,29181,17.50470439,
St. Charles  ,29183,21.83845999,
St. Clair  ,29185,0,
Ste. Genevieve  ,29186,21.20677724,
St. Francois  ,29187,34.28530183,
St. Louis  ,29189,25.73291792,
Saline  ,29195,12.15911065,
Schuyler  ,29197,0,
Scotland  ,29199,0,
Scott  ,29201,20.13890682,
Shannon  ,29203,0,
Shelby  ,29205,0,
Stoddard  ,29207,13.52338193,
Stone  ,29209,21.08060457,
Sullivan  ,29211,0,
Taney  ,29213,18.19743489,
Texas  ,29215,12.45979768,
Vernon  ,29217,13.52460996,
Warren  ,29219,30.65097965,
Washington  ,29221,29.6785889,
Wayne  ,29223,31.61983919,
Webster  ,29225,23.1273423,
Worth  ,29227,0,
Wright  ,29229,14.19927038,
St. Louis city ,29510,56.10640808,
Beaverhead  ,30001,0,
Big Horn  ,30003,0,
Blaine  ,30005,0,
Broadwater  ,30007,0,
Carbon  ,30009,18.98361714,
Carter  ,30011,0,
Cascade  ,30013,10.4961506,
Chouteau  ,30015,0,
Custer  ,30017,18.5004541,
Daniels  ,30019,0,
Dawson  ,30021,0,
Deer Lodge  ,30023,0,
Fallon  ,30025,0,
Fergus  ,30027,0,
Flathead  ,30029,13.84147843,
Gallatin  ,30031,6.318994322,
Garfield  ,30033,0,
Glacier  ,30035,20.46065708,
Golden Valley  ,30037,0,
Granite  ,30039,0,
Hill  ,30041,0,
Jefferson  ,30043,0,
Judith Basin  ,30045,0,
Lake  ,30047,19.4844024,
Lewis and Clark  ,30049,17.26041502,
Liberty  ,30051,0,
Lincoln  ,30053,0,
McCone  ,30055,0,
Madison  ,30057,0,
Meagher  ,30059,0,
Mineral  ,30061,0,
Missoula  ,30063,12.43035977,
Musselshell  ,30065,0,
Park  ,30067,19.73968293,
Petroleum  ,30069,0,
Phillips  ,30071,0,
Pondera  ,30073,0,
Powder River  ,30075,0,
Powell  ,30077,0,
Prairie  ,30079,0,
Ravalli  ,30081,10.94060678,
Richland  ,30083,0,
Roosevelt  ,30085,33.76577217,
Rosebud  ,30087,0,
Sanders  ,30089,0,
Sheridan  ,30091,0,
Silver Bow  ,30093,22.48486596,
Stillwater  ,30095,0,
Sweet Grass  ,30097,0,
Teton  ,30099,0,
Toole  ,30101,0,
Treasure  ,30103,0,
Valley  ,30105,0,
Wheatland  ,30107,0,
Wibaux  ,30109,0,
Yellowstone  ,30111,17.08350417,
Adams  ,31001,0,
Antelope  ,31003,0,
Arthur  ,31005,0,
Banner  ,31007,0,
Blaine  ,31009,0,
Boone  ,31011,0,
Box Butte  ,31013,0,
Boyd  ,31015,0,
Brown  ,31017,0,
Buffalo  ,31019,5.288486964,
Burt  ,31021,0,
Butler  ,31023,0,
Cass  ,31025,7.760902127,
Cedar  ,31027,0,
Chase  ,31029,0,
Cherry  ,31031,0,
Cheyenne  ,31033,0,
Clay  ,31035,0,
Colfax  ,31037,0,
Cuming  ,31039,0,
Custer  ,31041,0,
Dakota  ,31043,0,
Dawes  ,31045,0,
Dawson  ,31047,0,
Deuel  ,31049,0,
Dixon  ,31051,0,
Dodge  ,31053,7.620913965,
Douglas  ,31055,9.86746269,
Dundy  ,31057,0,
Fillmore  ,31059,0,
Franklin  ,31061,0,
Frontier  ,31063,0,
Furnas  ,31065,0,
Gage  ,31067,0,
Garden  ,31069,0,
Garfield  ,31071,0,
Gosper  ,31073,0,
Grant  ,31075,0,
Greeley  ,31077,0,
Hall  ,31079,5.519426759,
Hamilton  ,31081,0,
Harlan  ,31083,0,
Hayes  ,31085,0,
Hitchcock  ,31087,0,
Holt  ,31089,0,
Hooker  ,31091,0,
Howard  ,31093,0,
Jefferson  ,31095,0,
Johnson  ,31097,0,
Kearney  ,31099,0,
Keith  ,31101,0,
Keya Paha  ,31103,0,
Kimball  ,31105,0,
Knox  ,31107,0,
Lancaster  ,31109,8.38964073,
Lincoln  ,31111,11.26849442,
Logan  ,31113,0,
Loup  ,31115,0,
McPherson  ,31117,0,
Madison  ,31119,0,
Merrick  ,31121,0,
Morrill  ,31123,0,
Nance  ,31125,0,
Nemaha  ,31127,0,
Nuckolls  ,31129,0,
Otoe  ,31131,0,
Pawnee  ,31133,0,
Perkins  ,31135,0,
Phelps  ,31137,0,
Pierce  ,31139,0,
Platte  ,31141,7.27660813,
Polk  ,31143,0,
Red Willow  ,31145,0,
Richardson  ,31147,0,
Rock  ,31149,0,
Saline  ,31151,0,
Sarpy  ,31153,7.392423438,
Saunders  ,31155,0,
Scotts Bluff  ,31157,14.32506887,
Seward  ,31159,0,
Sheridan  ,31161,0,
Sherman  ,31163,0,
Sioux  ,31165,0,
Stanton  ,31167,0,
Thayer  ,31169,0,
Thomas  ,31171,0,
Thurston  ,31173,0,
Valley  ,31175,0,
Washington  ,31177,0,
Wayne  ,31179,0,
Webster  ,31181,0,
Wheeler  ,31183,0,
York  ,31185,0,
Churchill  ,32001,32.21622872,
Clark  ,32003,21.51102018,
Douglas  ,32005,19.57990685,
Elko  ,32007,14.50503477,
Esmeralda  ,32009,0,
Eureka  ,32011,0,
Humboldt  ,32013,14.1589579,
Lander  ,32015,0,
Lincoln  ,32017,0,
Lyon  ,32019,24.67446529,
Mineral  ,32021,0,
Nye  ,32023,36.74275479,
Pershing  ,32027,0,
Storey  ,32029,0,
Washoe  ,32031,23.4679757,
White Pine  ,32033,28.81014117,
Carson City ,32510,34.31358234,
Belknap  ,33001,35.58109194,
Carroll  ,33003,29.73000134,
Cheshire  ,33005,28.40229217,
Coos  ,33007,34.14976569,
Grafton  ,33009,17.8955704,
Hillsborough  ,33011,40.98667346,
Merrimack  ,33013,29.1629429,
Rockingham  ,33015,30.30526141,
Strafford  ,33017,38.99398647,
Sullivan  ,33019,19.0436378,
Atlantic  ,34001,39.46108694,
Bergen  ,34003,12.98887407,
Burlington  ,34005,28.53051785,
Camden  ,34007,42.19760085,
Cape May  ,34009,38.88537103,
Cumberland  ,34011,41.00966842,
Essex  ,34013,25.76208886,
Gloucester  ,34015,37.37038647,
Hudson  ,34017,16.52093822,
Hunterdon  ,34019,15.81459543,
Mercer  ,34021,22.00697121,
Middlesex  ,34023,19.72889253,
Monmouth  ,34025,26.21709092,
Morris  ,34027,15.29150178,
Ocean  ,34029,33.53428063,
Passaic  ,34031,19.34240539,
Salem  ,34033,35.87952035,
Somerset  ,34035,14.58085444,
Sussex  ,34037,23.4029583,
Union  ,34039,17.22706055,
Warren  ,34041,28.33126947,
Bernalillo  ,35001,28.98368316,
Catron  ,35003,0,
Chaves  ,35005,23.27867949,
Cibola  ,35006,19.15087947,
Colfax  ,35007,34.07376158,
Curry  ,35009,17.53714687,
DeBaca  ,35011,0,
Dona Ana  ,35013,16.64684235,
Eddy  ,35015,27.57503726,
Grant  ,35017,33.32907856,
Guadalupe  ,35019,0,
Harding  ,35021,0,
Hidalgo  ,35023,0,
Lea  ,35025,18.03617541,
Lincoln  ,35027,34.86964905,
Los Alamos  ,35028,18.58878331,
Luna  ,35029,18.07991322,
McKinley  ,35031,12.68271885,
Mora  ,35033,0,
Otero  ,35035,21.07179067,
Quay  ,35037,28.65329513,
Rio Arriba  ,35039,87.61844951,
Roosevelt  ,35041,10.49009735,
Sandoval  ,35043,20.37602252,
San Juan  ,35045,18.04550749,
San Miguel  ,35047,40.91741144,
Santa Fe  ,35049,29.82640228,
Sierra  ,35051,32.21072975,
Socorro  ,35053,19.97039682,
Taos  ,35055,27.93194321,
Torrance  ,35057,34.84095748,
Union  ,35059,0,
Valencia  ,35061,28.97970367,
Albany  ,36001,13.60873084,
Allegany  ,36003,9.762350434,
Bronx  ,36005,23.79831275,
Broome  ,36007,28.21820988,
Cattaraugus  ,36009,18.5382106,
Cayuga  ,36011,21.0407472,
Chautauqua  ,36013,24.02509699,
Chemung  ,36015,22.27512565,
Chenango  ,36017,12.79680328,
Clinton  ,36019,16.51747524,
Columbia  ,36021,20.97397916,
Cortland  ,36023,18.65694847,
Delaware  ,36025,19.32494455,
Dutchess  ,36027,24.86294892,
Erie  ,36029,27.58198376,
Essex  ,36031,15.22189854,
Franklin  ,36033,12.21723024,
Fulton  ,36035,13.73458108,
Genesee  ,36037,22.25661535,
Greene  ,36039,25.62368469,
Hamilton  ,36041,0,
Herkimer  ,36043,12.12005231,
Jefferson  ,36045,17.16705451,
Kings  ,36047,12.32537245,
Lewis  ,36049,18.65114891,
Livingston  ,36051,14.66065268,
Madison  ,36053,14.83318267,
Monroe  ,36055,21.00446847,
Montgomery  ,36057,17.78424478,
Nassau  ,36059,15.09692431,
New York  ,36061,15.94071902,
Niagara  ,36063,23.68603826,
Oneida  ,36065,21.94441325,
Onondaga  ,36067,22.87494743,
Ontario  ,36069,18.40181176,
Orange  ,36071,24.1416917,
Orleans  ,36073,9.200656636,
Oswego  ,36075,18.77865002,
Otsego  ,36077,17.56688675,
Putnam  ,36079,23.20213702,
Queens  ,36081,10.43737951,
Rensselaer  ,36083,12.13601343,
Richmond  ,36085,23.78661973,
Rockland  ,36087,11.46362964,
St. Lawrence  ,36089,13.63351299,
Saratoga  ,36091,10.27889181,
Schenectady  ,36093,17.27233706,
Schoharie  ,36095,8.932559178,
Schuyler  ,36097,0,
Seneca  ,36099,15.58063846,
Steuben  ,36101,14.01940451,
Suffolk  ,36103,25.05626953,
Sullivan  ,36105,34.25348642,
Tioga  ,36107,21.61315711,
Tompkins  ,36109,18.0048,
Ulster  ,36111,27.06528749,
Warren  ,36113,10.52550112,
Washington  ,36115,6.467907858,
Wayne  ,36117,13.62550519,
Westchester  ,36119,13.9178902,
Wyoming  ,36121,11.78955642,
Yates  ,36123,16.80336067,
Alamance  ,37001,18.44046036,
Alexander  ,37003,22.48586603,
Alleghany  ,37005,21.91540653,
Anson  ,37007,14.19110691,
Ashe  ,37009,16.27989581,
Avery  ,37011,17.04177507,
Beaufort  ,37013,27.85644645,
Bertie  ,37015,14.22634109,
Bladen  ,37017,23.61498134,
Brunswick  ,37019,28.29321199,
Buncombe  ,37021,28.82849007,
Burke  ,37023,33.56801103,
Cabarrus  ,37025,22.90146718,
Caldwell  ,37027,29.15023394,
Camden  ,37029,0,
Carteret  ,37031,31.30570894,
Caswell  ,37033,16.62626775,
Catawba  ,37035,22.35921679,
Chatham  ,37037,10.37926391,
Cherokee  ,37039,27.3984455,
Chowan  ,37041,16.78720815,
Clay  ,37043,23.89178858,
Cleveland  ,37045,18.72127519,
Columbus  ,37047,22.360804,
Craven  ,37049,31.5343899,
Cumberland  ,37051,22.59207183,
Currituck  ,37053,23.17479201,
Dare  ,37055,30.11191595,
Davidson  ,37057,25.19074724,
Davie  ,37059,20.4383309,
Duplin  ,37061,8.786603809,
Durham  ,37063,12.22219826,
Edgecombe  ,37065,20.21313629,
Forsyth  ,37067,22.02824236,
Franklin  ,37069,18.76905752,
Gaston  ,37071,24.2494205,
Gates  ,37073,26.04483184,
Graham  ,37075,0,
Granville  ,37077,17.23689236,
Greene  ,37079,15.17709776,
Guilford  ,37081,18.14929287,
Halifax  ,37083,20.84330467,
Harnett  ,37085,18.07999632,
Haywood  ,37087,25.40616875,
Henderson  ,37089,19.4576743,
Hertford  ,37091,11.64793291,
Hoke  ,37093,12.38627151,
Hyde  ,37095,0,
Iredell  ,37097,18.75861941,
Jackson  ,37099,27.5159284,
Johnston  ,37101,14.19748704,
Jones  ,37103,34.57533355,
Lee  ,37105,19.94548235,
Lenoir  ,37107,17.08763866,
Lincoln  ,37109,17.14824659,
McDowell  ,37111,26.58454995,
Macon  ,37113,22.03294505,
Madison  ,37115,14.93303467,
Martin  ,37117,19.92325217,
Mecklenburg  ,37119,15.55333257,
Mitchell  ,37121,23.76080787,
Montgomery  ,37123,10.94355315,
Moore  ,37125,13.98306588,
Nash  ,37127,21.05093049,
New Hanover  ,37129,30.81427389,
Northampton  ,37131,14.93622233,
Onslow  ,37133,18.47551784,
Orange  ,37135,11.3359168,
Pamlico  ,37137,35.98867139,
Pasquotank  ,37139,19.10872867,
Pender  ,37141,24.65624799,
Perquimans  ,37143,17.87389964,
Person  ,37145,16.78945012,
Pitt  ,37147,19.1576926,
Polk  ,37149,22.49916851,
Randolph  ,37151,28.36677259,
Richmond  ,37153,20.81543354,
Robeson  ,37155,18.45104248,
Rockingham  ,37157,23.00180071,
Rowan  ,37159,33.01834877,
Rutherford  ,37161,27.34473599,
Sampson  ,37163,22.01576329,
Scotland  ,37165,18.15788279,
Stanly  ,37167,26.17270056,
Stokes  ,37169,33.03615285,
Surry  ,37171,28.45335308,
Swain  ,37173,25.14212283,
Transylvania  ,37175,18.46238141,
Tyrrell  ,37177,0,
Union  ,37179,13.12555607,
Vance  ,37181,20.70030015,
Wake  ,37183,11.48220125,
Warren  ,37185,0,
Washington  ,37187,0,
Watauga  ,37189,9.983213412,
Wayne  ,37191,16.60867069,
Wilkes  ,37193,41.37372419,
Wilson  ,37195,15.19972935,
Yadkin  ,37197,26.03253536,
Yancey  ,37199,30.49951427,
Adams  ,38001,0,
Barnes  ,38003,0,
Benson  ,38005,0,
Billings  ,38007,0,
Bottineau  ,38009,0,
Bowman  ,38011,0,
Burke  ,38013,0,
Burleigh  ,38015,7.260551289,
Cass  ,38017,9.850309655,
Cavalier  ,38019,0,
Dickey  ,38021,0,
Divide  ,38023,0,
Dunn  ,38025,0,
Eddy  ,38027,0,
Emmons  ,38029,0,
Foster  ,38031,0,
Golden Valley  ,38033,0,
Grand Forks  ,38035,10.74350725,
Grant  ,38037,0,
Griggs  ,38039,0,
Hettinger  ,38041,0,
Kidder  ,38043,0,
LaMoure  ,38045,0,
Logan  ,38047,0,
McHenry  ,38049,0,
McIntosh  ,38051,0,
McKenzie  ,38053,17.51620249,
McLean  ,38055,0,
Mercer  ,38057,0,
Morton  ,38059,7.851758794,
Mountrail  ,38061,25.57142295,
Nelson  ,38063,0,
Oliver  ,38065,0,
Pembina  ,38067,0,
Pierce  ,38069,0,
Ramsey  ,38071,0,
Ransom  ,38073,0,
Renville  ,38075,0,
Richland  ,38077,0,
Rolette  ,38079,16.49348507,
Sargent  ,38081,0,
Sheridan  ,38083,0,
Sioux  ,38085,0,
Slope  ,38087,0,
Stark  ,38089,10.32717791,
Steele  ,38091,0,
Stutsman  ,38093,10.43999848,
Towner  ,38095,0,
Traill  ,38097,0,
Walsh  ,38099,0,
Ward  ,38101,5.754418674,
Wells  ,38103,0,
Williams  ,38105,14.07954945,
Adams  ,39001,45.15805319,
Allen  ,39003,24.85223516,
Ashland  ,39005,16.83671751,
Ashtabula  ,39007,36.02408118,
Athens  ,39009,13.36573512,
Auglaize  ,39011,8.72627,
Belmont  ,39013,29.16965656,
Brown  ,39015,54.82155584,
Butler  ,39017,55.26088957,
Carroll  ,39019,17.3745593,
Champaign  ,39021,33.94084009,
Clark  ,39023,54.84587717,
Clermont  ,39025,47.03636462,
Clinton  ,39027,45.77531947,
Columbiana  ,39029,35.19779043,
Coshocton  ,39031,13.12479493,
Crawford  ,39033,30.92808032,
Cuyahoga  ,39035,36.43643951,
Darke  ,39037,38.23737298,
Defiance  ,39039,16.72406855,
Delaware  ,39041,11.28187511,
Erie  ,39043,38.04031209,
Fairfield  ,39045,19.08743746,
Fayette  ,39047,52.934744,
Franklin  ,39049,30.20513349,
Fulton  ,39051,16.0229222,
Gallia  ,39053,46.5097737,
Geauga  ,39055,19.55757367,
Greene  ,39057,32.01414905,
Guernsey  ,39059,33.15886668,
Hamilton  ,39061,44.96977429,
Hancock  ,39063,29.06469802,
Hardin  ,39065,20.91307764,
Harrison  ,39067,26.07901943,
Henry  ,39069,19.614538,
Highland  ,39071,40.44085177,
Hocking  ,39073,23.87388969,
Holmes  ,39075,7.286239936,
Huron  ,39077,34.51575422,
Jackson  ,39079,32.57889625,
Jefferson  ,39081,34.743958,
Knox  ,39083,19.26870371,
Lake  ,39085,33.98041334,
Lawrence  ,39087,44.4489808,
Licking  ,39089,20.78072849,
Logan  ,39091,28.22603764,
Lorain  ,39093,36.00517379,
Lucas  ,39095,35.88855863,
Madison  ,39097,27.28761142,
Mahoning  ,39099,37.33056169,
Marion  ,39101,44.11845806,
Medina  ,39103,21.86748305,
Meigs  ,39105,32.78716814,
Mercer  ,39107,13.20035201,
Miami  ,39109,28.80871206,
Monroe  ,39111,18.3563965,
Montgomery  ,39113,64.4994937,
Morgan  ,39115,17.63022634,
Morrow  ,39117,21.09849003,
Muskingum  ,39119,22.76380462,
Noble  ,39121,25.08955578,
Ottawa  ,39123,24.00866272,
Paulding  ,39125,0,
Perry  ,39127,21.69305989,
Pickaway  ,39129,22.96810565,
Pike  ,39131,43.98098886,
Portage  ,39133,26.13148079,
Preble  ,39135,45.08456993,
Putnam  ,39137,11.18127196,
Richland  ,39139,43.20266999,
Ross  ,39141,49.0179551,
Sandusky  ,39143,29.94797801,
Scioto  ,39145,53.45883931,
Seneca  ,39147,21.65423954,
Shelby  ,39149,25.83438926,
Stark  ,39151,25.95485781,
Summit  ,39153,39.26338492,
Trumbull  ,39155,49.61584855,
Tuscarawas  ,39157,15.99664503,
Union  ,39159,15.10324144,
Van Wert  ,39161,19.02962984,
Vinton  ,39163,29.03689214,
Warren  ,39165,25.39131723,
Washington  ,39167,26.68792915,
Wayne  ,39169,23.27285265,
Williams  ,39171,16.75530765,
Wood  ,39173,16.13579888,
Wyandot  ,39175,14.45635086,
Adair  ,40001,27.20372872,
Alfalfa  ,40003,0,
Atoka  ,40005,20.25345755,
Beaver  ,40007,0,
Beckham  ,40009,24.67395136,
Blaine  ,40011,35.14139243,
Bryan  ,40013,23.63714358,
Caddo  ,40015,24.59570805,
Canadian  ,40017,13.30671989,
Carter  ,40019,32.17383772,
Cherokee  ,40021,27.56623096,
Choctaw  ,40023,26.81899858,
Cimarron  ,40025,0,
Cleveland  ,40027,16.47004943,
Coal  ,40029,0,
Comanche  ,40031,16.94459606,
Cotton  ,40033,0,
Craig  ,40035,26.14990779,
Creek  ,40037,21.33968282,
Custer  ,40039,12.98053603,
Delaware  ,40041,19.53888238,
Dewey  ,40043,0,
Ellis  ,40045,0,
Garfield  ,40047,12.50974317,
Garvin  ,40049,30.96331927,
Grady  ,40051,21.92573753,
Grant  ,40053,0,
Greer  ,40055,0,
Harmon  ,40057,0,
Harper  ,40059,0,
Haskell  ,40061,18.77376054,
Hughes  ,40063,16.23760038,
Jackson  ,40065,22.80896314,
Jefferson  ,40067,0,
Johnston  ,40069,38.05795683,
Kay  ,40071,15.59075602,
Kingfisher  ,40073,14.0594844,
Kiowa  ,40075,0,
Latimer  ,40077,24.88895696,
Le Flore  ,40079,24.10122515,
Lincoln  ,40081,23.44840208,
Logan  ,40083,12.50350314,
Love  ,40085,28.10793447,
McClain  ,40087,19.13242222,
McCurtain  ,40089,21.28552402,
McIntosh  ,40091,31.17144294,
Major  ,40093,0,
Marshall  ,40095,15.88368257,
Mayes  ,40097,25.89774787,
Murray  ,40099,38.86961404,
Muskogee  ,40101,33.46894025,
Noble  ,40103,19.29892277,
Nowata  ,40105,0,
Okfuskee  ,40107,24.68241954,
Oklahoma  ,40109,20.47822282,
Okmulgee  ,40111,22.59190799,
Osage  ,40113,20.17476389,
Ottawa  ,40115,21.48309154,
Pawnee  ,40117,31.63632824,
Payne  ,40119,8.870053713,
Pittsburg  ,40121,25.28559173,
Pontotoc  ,40123,17.27748691,
Pottawatomie  ,40125,24.10766984,
Pushmataha  ,40127,30.51133406,
Roger Mills  ,40129,0,
Rogers  ,40131,12.72457225,
Seminole  ,40133,23.08329088,
Sequoyah  ,40135,31.51729087,
Stephens  ,40137,22.29694987,
Texas  ,40139,16.06881233,
Tillman  ,40141,0,
Tulsa  ,40143,19.89766736,
Wagoner  ,40145,19.80926508,
Washington  ,40147,15.39527365,
Washita  ,40149,26.35462787,
Woods  ,40151,0,
Woodward  ,40153,20.07974527,
Baker  ,41001,16.21291296,
Benton  ,41003,7.617767322,
Clackamas  ,41005,11.90185787,
Clatsop  ,41007,20.21951131,
Columbia  ,41009,14.56675709,
Coos  ,41011,19.20449322,
Crook  ,41013,16.04449674,
Curry  ,41015,24.77591074,
Deschutes  ,41017,12.80587834,
Douglas  ,41019,18.79138249,
Gilliam  ,41021,0,
Grant  ,41023,0,
Harney  ,41025,0,
Hood River  ,41027,0,
Jackson  ,41029,20.25224261,
Jefferson  ,41031,8.629021124,
Josephine  ,41033,23.13121944,
Klamath  ,41035,20.15025474,
Lake  ,41037,25.48030373,
Lane  ,41039,21.94991085,
Lincoln  ,41041,20.45433674,
Linn  ,41043,16.41918671,
Malheur  ,41045,11.15610009,
Marion  ,41047,12.8473544,
Morrow  ,41049,0,
Multnomah  ,41051,20.89705828,
Polk  ,41053,10.53766603,
Sherman  ,41055,0,
Tillamook  ,41057,23.73387436,
Umatilla  ,41059,10.41143384,
Union  ,41061,19.1937106,
Wallowa  ,41063,0,
Wasco  ,41065,13.04211067,
Washington  ,41067,9.391916415,
Wheeler  ,41069,0,
Yamhill  ,41071,11.1073661,
Adams  ,42001,15.84085611,
Allegheny  ,42003,42.53840899,
Armstrong  ,42005,46.95570512,
Beaver  ,42007,40.76148673,
Bedford  ,42009,23.50389464,
Berks  ,42011,21.42397371,
Blair  ,42013,27.80693309,
Bradford  ,42015,21.60244304,
Bucks  ,42017,35.25676071,
Butler  ,42019,34.13210301,
Cambria  ,42021,50.47063871,
Cameron  ,42023,0,
Carbon  ,42025,41.86518785,
Centre  ,42027,10.04649917,
Chester  ,42029,23.31449357,
Clarion  ,42031,18.03482267,
Clearfield  ,42033,18.41464811,
Clinton  ,42035,16.31812178,
Columbia  ,42037,23.52217417,
Crawford  ,42039,32.24025718,
Cumberland  ,42041,21.53060854,
Dauphin  ,42043,28.95802181,
Delaware  ,42045,38.9757361,
Elk  ,42047,26.15883645,
Erie  ,42049,28.63777707,
Fayette  ,42051,46.64911412,
Forest  ,42053,0,
Franklin  ,42055,19.1045552,
Fulton  ,42057,31.50080806,
Greene  ,42059,37.12971184,
Huntingdon  ,42061,21.95765685,
Indiana  ,42063,38.09612302,
Jefferson  ,42065,24.02691014,
Juniata  ,42067,8.898668436,
Lackawanna  ,42069,34.60956907,
Lancaster  ,42071,21.15103173,
Lawrence  ,42073,44.35299497,
Lebanon  ,42075,14.999488,
Lehigh  ,42077,26.20786027,
Luzerne  ,42079,40.97818903,
Lycoming  ,42081,20.85835612,
Mc Kean  ,42083,20.55970203,
Mercer  ,42085,33.30593271,
Mifflin  ,42087,22.41340667,
Monroe  ,42089,21.52178124,
Montgomery  ,42091,24.31596161,
Montour  ,42093,33.67625172,
Northampton  ,42095,28.37352254,
Northumberland  ,42097,26.14277412,
Perry  ,42099,27.02643796,
Philadelphia  ,42101,49.42363266,
Pike  ,42103,33.29443016,
Potter  ,42105,16.54689864,
Schuylkill  ,42107,30.3369348,
Snyder  ,42109,11.84740542,
Somerset  ,42111,30.64590917,
Sullivan  ,42113,0,
Susquehanna  ,42115,31.06464358,
Tioga  ,42117,15.92863969,
Union  ,42119,8.452972555,
Venango  ,42121,22.1156266,
Warren  ,42123,10.4852682,
Washington  ,42125,40.42064417,
Wayne  ,42127,31.66660151,
Westmoreland  ,42129,44.87683364,
Wyoming  ,42131,38.45595705,
York  ,42133,27.68129334,
Bristol  ,44001,23.69552073,
Kent  ,44003,30.40755859,
Newport  ,44005,22.72908622,
Providence  ,44007,31.96156039,
Washington  ,44009,21.36796104,
Abbeville  ,45001,14.5123839,
Aiken  ,45003,23.57530935,
Allendale  ,45005,0,
Anderson  ,45007,19.93263583,
Bamberg  ,45009,0,
Barnwell  ,45011,15.79573329,
Beaufort  ,45013,10.50157031,
Berkeley  ,45015,18.74553366,
Calhoun  ,45017,0,
Charleston  ,45019,19.40120683,
Cherokee  ,45021,9.185753603,
Chester  ,45023,13.0162331,
Chesterfield  ,45025,14.35675224,
Clarendon  ,45027,9.434184769,
Colleton  ,45029,21.19811761,
Darlington  ,45031,13.66412395,
Dillon  ,45033,13.59364077,
Dorchester  ,45035,18.26843719,
Edgefield  ,45037,7.509198768,
Fairfield  ,45039,11.46536138,
Florence  ,45041,17.73361515,
Georgetown  ,45043,27.65792676,
Greenville  ,45045,22.28965243,
Greenwood  ,45047,19.9665133,
Hampton  ,45049,0,
Horry  ,45051,28.67293449,
Jasper  ,45053,12.77610584,
Kershaw  ,45055,14.30842113,
Lancaster  ,45057,16.12448099,
Laurens  ,45059,21.27181485,
Lee  ,45061,0,
Lexington  ,45063,18.37116886,
McCormick  ,45065,0,
Marion  ,45067,15.21510353,
Marlboro  ,45069,0,
Newberry  ,45071,8.382141847,
Oconee  ,45073,26.11620667,
Orangeburg  ,45075,11.54862537,
Pickens  ,45077,29.02151831,
Richland  ,45079,15.94651363,
Saluda  ,45081,0,
Spartanburg  ,45083,22.20681551,
Sumter  ,45085,14.73457253,
Union  ,45087,13.74093279,
Williamsburg  ,45089,13.84309481,
York  ,45091,20.53064778,
Aurora  ,46003,0,
Beadle  ,46005,13.08871971,
Bennett  ,46007,0,
Bon Homme  ,46009,0,
Brookings  ,46011,7.609770946,
Brown  ,46013,8.21291995,
Brule  ,46015,0,
Buffalo  ,46017,0,
Butte  ,46019,0,
Campbell  ,46021,0,
Charles Mix  ,46023,0,
Clark  ,46025,0,
Clay  ,46027,0,
Codington  ,46029,0,
Corson  ,46031,0,
Custer  ,46033,0,
Davison  ,46035,0,
Day  ,46037,0,
Deuel  ,46039,0,
Dewey  ,46041,0,
Douglas  ,46043,0,
Edmunds  ,46045,0,
Fall River  ,46047,0,
Faulk  ,46049,0,
Grant  ,46051,0,
Gregory  ,46053,0,
Haakon  ,46055,0,
Hamlin  ,46057,0,
Hand  ,46059,0,
Hanson  ,46061,0,
Harding  ,46063,0,
Hughes  ,46065,0,
Hutchinson  ,46067,0,
Hyde  ,46069,0,
Jackson  ,46071,0,
Jerauld  ,46073,0,
Jones  ,46075,0,
Kingsbury  ,46077,0,
Lake  ,46079,0,
Lawrence  ,46081,8.734664708,
Lincoln  ,46083,5.103212472,
Lyman  ,46085,0,
McCook  ,46087,0,
McPherson  ,46089,0,
Marshall  ,46091,0,
Meade  ,46093,0,
Mellette  ,46095,0,
Miner  ,46097,0,
Minnehaha  ,46099,10.88709548,
Moody  ,46101,0,
Pennington  ,46103,8.208892602,
Perkins  ,46105,0,
Potter  ,46107,0,
Roberts  ,46109,0,
Sanborn  ,46111,0,
Shannon  ,46113,13.95303409,
Spink  ,46115,0,
Stanley  ,46117,0,
Sully  ,46119,0,
Todd  ,46121,0,
Tripp  ,46123,0,
Turner  ,46125,0,
Union  ,46127,0,
Walworth  ,46129,0,
Yankton  ,46135,9.688812944,
Ziebach  ,46137,0,
Anderson  ,47001,43.95292037,
Bedford  ,47003,16.77507559,
Benton  ,47005,36.0436501,
Bledsoe  ,47007,19.28906035,
Blount  ,47009,32.63200423,
Bradley  ,47011,24.62569892,
Campbell  ,47013,44.30682476,
Cannon  ,47015,35.56086598,
Carroll  ,47017,11.40803696,
Carter  ,47019,32.18812011,
Cheatham  ,47021,49.46191433,
Chester  ,47023,14.99457888,
Claiborne  ,47025,47.34161075,
Clay  ,47027,49.08546037,
Cocke  ,47029,29.36442951,
Coffee  ,47031,28.17251826,
Crockett  ,47033,0,
Cumberland  ,47035,23.4997616,
Davidson  ,47037,29.8640658,
Decatur  ,47039,25.61825386,
DeKalb  ,47041,32.71950185,
Dickson  ,47043,30.70651861,
Dyer  ,47045,9.027235701,
Fayette  ,47047,11.59806161,
Fentress  ,47049,18.85578651,
Franklin  ,47051,23.06660964,
Gibson  ,47053,18.26091191,
Giles  ,47055,24.65584549,
Grainger  ,47057,25.20183191,
Greene  ,47059,28.24488607,
Grundy  ,47061,32.85445477,
Hamblen  ,47063,32.59483059,
Hamilton  ,47065,20.0116828,
Hancock  ,47067,39.44773176,
Hardeman  ,47069,10.17421385,
Hardin  ,47071,35.67910523,
Hawkins  ,47073,27.58542641,
Haywood  ,47075,0,
Henderson  ,47077,20.07974527,
Henry  ,47079,18.57941772,
Hickman  ,47081,26.02281876,
Houston  ,47083,34.12470141,
Humphreys  ,47085,26.20459235,
Jackson  ,47087,29.27098041,
Jefferson  ,47089,19.08197016,
Johnson  ,47091,22.49415152,
Knox  ,47093,44.7607773,
Lake  ,47095,0,
Lauderdale  ,47097,18.155685,
Lawrence  ,47099,20.4604532,
Lewis  ,47101,18.39926403,
Lincoln  ,47103,18.94690721,
Loudon  ,47105,31.71398625,
McMinn  ,47107,25.73057814,
McNairy  ,47109,21.52124454,
Macon  ,47111,16.10524353,
Madison  ,47113,12.68674583,
Marion  ,47115,21.07629619,
Marshall  ,47117,29.12922219,
Maury  ,47119,22.01193536,
Meigs  ,47121,36.72174929,
Monroe  ,47123,31.36284635,
Montgomery  ,47125,19.68931479,
Moore  ,47127,0,
Morgan  ,47129,26.87001399,
Obion  ,47131,9.816111511,
Overton  ,47133,27.20150878,
Perry  ,47135,0,
Pickett  ,47137,0,
Polk  ,47139,20.25497438,
Putnam  ,47141,23.08705393,
Rhea  ,47143,19.59055735,
Roane  ,47145,49.89586129,
Robertson  ,47147,19.30819042,
Rutherford  ,47149,19.96337663,
Scott  ,47151,27.29456292,
Sequatchie  ,47153,22.96552469,
Sevier  ,47155,33.93625364,
Shelby  ,47157,19.72588702,
Smith  ,47159,33.90561909,
Stewart  ,47161,18.00828381,
Sullivan  ,47163,30.05102307,
Sumner  ,47165,20.123364,
Tipton  ,47167,23.72109195,
Trousdale  ,47169,26.42589738,
Unicoi  ,47171,37.05283959,
Union  ,47173,48.70365381,
Van Buren  ,47175,0,
Warren  ,47177,16.79435315,
Washington  ,47179,24.35586591,
Wayne  ,47181,20.35562474,
Weakley  ,47183,16.60814274,
White  ,47185,26.9996625,
Williamson  ,47187,12.7057718,
Wilson  ,47189,24.54320281,
Anderson  ,48001,14.54600868,
Andrews  ,48003,0,
Angelina  ,48005,12.53724131,
Aransas  ,48007,19.13768769,
Archer  ,48009,22.81854691,
Armstrong  ,48011,0,
Atascosa  ,48013,9.414769727,
Austin  ,48015,6.747183051,
Bailey  ,48017,0,
Bandera  ,48019,10.99787374,
Bastrop  ,48021,8.957406322,
Baylor  ,48023,0,
Bee  ,48025,7.333304815,
Bell  ,48027,9.777706478,
Bexar  ,48029,11.32240967,
Blanco  ,48031,0,
Borden  ,48033,0,
Bosque  ,48035,14.31954618,
Bowie  ,48037,9.171181163,
Brazoria  ,48039,9.371711433,
Brazos  ,48041,6.580185963,
Brewster  ,48043,23.84978969,
Briscoe  ,48045,0,
Brooks  ,48047,0,
Brown  ,48049,11.59133179,
Burleson  ,48051,0,
Burnet  ,48053,11.68856469,
Caldwell  ,48055,8.692376786,
Calhoun  ,48057,10.09526257,
Callahan  ,48059,0,
Cameron  ,48061,4.024019134,
Camp  ,48063,15.61085266,
Carson  ,48065,0,
Cass  ,48067,9.928514694,
Castro  ,48069,0,
Chambers  ,48071,7.968048127,
Cherokee  ,48073,10.4269649,
Childress  ,48075,0,
Clay  ,48077,21.23552124,
Cochran  ,48079,0,
Coke  ,48081,0,
Coleman  ,48083,0,
Collin  ,48085,8.188892722,
Collingsworth  ,48087,0,
Colorado  ,48089,0,
Comal  ,48091,10.93199707,
Comanche  ,48093,0,
Concho  ,48095,0,
Cooke  ,48097,19.21861171,
Coryell  ,48099,7.723611881,
Cottle  ,48101,0,
Crane  ,48103,0,
Crockett  ,48105,0,
Crosby  ,48107,0,
Culberson  ,48109,0,
Dallam  ,48111,0,
Dallas  ,48113,13.20630583,
Dawson  ,48115,0,
Deaf Smith  ,48117,0,
Delta  ,48119,0,
Denton  ,48121,7.805861533,
DeWitt  ,48123,10.70465847,
Dickens  ,48125,0,
Dimmit  ,48127,0,
Donley  ,48129,0,
Duval  ,48131,0,
Eastland  ,48133,0,
Ector  ,48135,13.54408092,
Edwards  ,48137,0,
Ellis  ,48139,8.525714502,
El Paso  ,48141,9.789487809,
Erath  ,48143,8.681267272,
Falls  ,48145,0,
Fannin  ,48147,9.345357694,
Fayette  ,48149,8.75008949,
Fisher  ,48151,0,
Floyd  ,48153,0,
Foard  ,48155,0,
Fort Bend  ,48157,5.926358902,
Franklin  ,48159,0,
Freestone  ,48161,0,
Frio  ,48163,0,
Gaines  ,48165,0,
Galveston  ,48167,16.17056591,
Garza  ,48169,0,
Gillespie  ,48171,7.60722382,
Glasscock  ,48173,0,
Goliad  ,48175,0,
Gonzales  ,48177,9.649715333,
Gray  ,48179,0,
Grayson  ,48181,14.01068237,
Gregg  ,48183,7.603566234,
Grimes  ,48185,8.645720008,
Guadalupe  ,48187,7.849525876,
Hale  ,48189,9.339956919,
Hall  ,48191,0,
Hamilton  ,48193,24.0569669,
Hansford  ,48195,0,
Hardeman  ,48197,0,
Hardin  ,48199,11.34132424,
Harris  ,48201,11.26045306,
Harrison  ,48203,9.580752269,
Hartley  ,48205,0,
Haskell  ,48207,0,
Hays  ,48209,8.811866647,
Hemphill  ,48211,0,
Henderson  ,48213,17.90603807,
Hidalgo  ,48215,3.647213294,
Hill  ,48217,13.56039461,
Hockley  ,48219,8.594535594,
Hood  ,48221,15.78886429,
Hopkins  ,48223,6.598845202,
Houston  ,48225,11.35668734,
Howard  ,48227,12.56391207,
Hudspeth  ,48229,0,
Hunt  ,48231,11.71938582,
Hutchinson  ,48233,13.94168657,
Irion  ,48235,0,
Jack  ,48237,0,
Jackson  ,48239,13.49473031,
Jasper  ,48241,13.47262531,
Jeff Davis  ,48243,0,
Jefferson  ,48245,12.7306247,
Jim Hogg  ,48247,0,
Jim Wells  ,48249,6.810100352,
Johnson  ,48251,11.22797425,
Jones  ,48253,0,
Karnes  ,48255,0,
Kaufman  ,48257,13.42775282,
Kendall  ,48259,5.674536934,
Kenedy  ,48261,0,
Kent  ,48263,0,
Kerr  ,48265,15.55536543,
Kimble  ,48267,0,
King  ,48269,0,
Kinney  ,48271,0,
Kleberg  ,48273,6.330957114,
Knox  ,48275,0,
Lamar  ,48277,15.72143234,
Lamb  ,48279,16.51602054,
Lampasas  ,48281,0,
La Salle  ,48283,0,
Lavaca  ,48285,0,
Lee  ,48287,0,
Leon  ,48289,15.15875885,
Liberty  ,48291,12.94400375,
Limestone  ,48293,9.373029534,
Lipscomb  ,48295,0,
Live Oak  ,48297,0,
Llano  ,48299,16.58148336,
Loving  ,48301,0,
Lubbock  ,48303,13.38456574,
Lynn  ,48305,0,
McCulloch  ,48307,0,
McLennan  ,48309,10.21793981,
McMullen  ,48311,0,
Madison  ,48313,0,
Marion  ,48315,19.82239137,
Martin  ,48317,0,
Mason  ,48319,0,
Matagorda  ,48321,13.05284226,
Maverick  ,48323,4.150597513,
Medina  ,48325,4.055462505,
Menard  ,48327,0,
Midland  ,48329,7.954972408,
Milam  ,48331,13.72916397,
Mills  ,48333,0,
Mitchell  ,48335,0,
Montague  ,48337,16.45633415,
Montgomery  ,48339,12.72270134,
Moore  ,48341,0,
Morris  ,48343,0,
Motley  ,48345,0,
Nacogdoches  ,48347,11.27835592,
Navarro  ,48349,11.91909809,
Newton  ,48351,15.75366989,
Nolan  ,48353,18.73812137,
Nueces  ,48355,19.10291808,
Ochiltree  ,48357,0,
Oldham  ,48359,0,
Orange  ,48361,17.56568141,
Palo Pinto  ,48363,19.08275555,
Panola  ,48365,8.516581785,
Parker  ,48367,11.376197,
Parmer  ,48369,0,
Pecos  ,48371,0,
Polk  ,48373,14.15722851,
Potter  ,48375,15.88438813,
Presidio  ,48377,0,
Rains  ,48379,17.41310859,
Randall  ,48381,12.54339182,
Reagan  ,48383,0,
Real  ,48385,0,
Red River  ,48387,0,
Reeves  ,48389,20.00586839,
Refugio  ,48391,0,
Roberts  ,48393,0,
Robertson  ,48395,0,
Rockwall  ,48397,9.785297803,
Runnels  ,48399,0,
Rusk  ,48401,5.617809204,
Sabine  ,48403,0,
San Augustine  ,48405,0,
San Jacinto  ,48407,17.958738,
San Patricio  ,48409,15.47457854,
San Saba  ,48411,0,
Schleicher  ,48413,0,
Scurry  ,48415,17.40300724,
Shackelford  ,48417,0,
Shelby  ,48419,0,
Sherman  ,48421,0,
Smith  ,48423,8.710987222,
Somervell  ,48425,0,
Starr  ,48427,0,
Stephens  ,48429,0,
Sterling  ,48431,0,
Stonewall  ,48433,0,
Sutton  ,48435,0,
Swisher  ,48437,0,
Tarrant  ,48439,9.976065376,
Taylor  ,48441,13.78988615,
Terrell  ,48443,0,
Terry  ,48445,0,
Throckmorton  ,48447,0,
Titus  ,48449,7.332363832,
Tom Green  ,48451,11.53897714,
Travis  ,48453,12.21164565,
Trinity  ,48455,13.79786133,
Tyler  ,48457,23.29481923,
Upshur  ,48459,7.82522363,
Upton  ,48461,0,
Uvalde  ,48463,0,
Val Verde  ,48465,6.116058323,
Van Zandt  ,48467,13.96992056,
Victoria  ,48469,8.259989697,
Walker  ,48471,5.32664979,
Waller  ,48473,10.7989633,
Ward  ,48475,18.9204995,
Washington  ,48477,6.88033943,
Webb  ,48479,11.04328896,
Wharton  ,48481,5.289071816,
Wheeler  ,48483,0,
Wichita  ,48485,16.51610244,
Wilbarger  ,48487,0,
Willacy  ,48489,9.198362691,
Williamson  ,48491,6.323970575,
Wilson  ,48493,5.373455132,
Winkler  ,48495,0,
Wise  ,48497,12.36353746,
Wood  ,48499,8.186357889,
Yoakum  ,48501,0,
Young  ,48503,27.53425261,
Zapata  ,48505,0,
Zavala  ,48507,0,
Beaver  ,49001,0,
Box Elder  ,49003,22.19856048,
Cache  ,49005,11.73814162,
Carbon  ,49007,49.95004995,
Daggett  ,49009,0,
Davis  ,49011,16.75094854,
Duchesne  ,49013,29.5365712,
Emery  ,49015,38.98027598,
Garfield  ,49017,0,
Grand  ,49019,20.84983946,
Iron  ,49021,20.05213555,
Juab  ,49023,23.68157391,
Kane  ,49025,0,
Millard  ,49027,15.67054251,
Morgan  ,49029,0,
Piute  ,49031,0,
Rich  ,49033,0,
Salt Lake  ,49035,25.49614063,
San Juan  ,49037,0,
Sanpete  ,49039,16.96963115,
Sevier  ,49041,20.77843576,
Summit  ,49043,17.31953049,
Tooele  ,49045,25.09594609,
Uintah  ,49047,19.25658575,
Utah  ,49049,17.5170673,
Wasatch  ,49051,13.74804418,
Washington  ,49053,20.2444989,
Wayne  ,49055,0,
Weber  ,49057,28.39149288,
Addison  ,50001,10.82532259,
Bennington  ,50003,22.75527534,
Caledonia  ,50005,19.00891453,
Chittenden  ,50007,17.15227767,
Essex  ,50009,0,
Franklin  ,50011,25.73508386,
Grand Isle  ,50013,0,
Lamoille  ,50015,13.46140141,
Orange  ,50017,15.90044936,
Orleans  ,50019,22.25634862,
Rutland  ,50021,23.91450061,
Washington  ,50023,18.11693284,
Windham  ,50025,32.42692361,
Windsor  ,50027,25.57332882,
Accomack  ,51001,14.64325373,
Albemarle  ,51003,6.74801777,
Alleghany  ,51005,18.15258545,
Amelia  ,51007,0,
Amherst  ,51009,0,
Appomattox  ,51011,0,
Arlington  ,51013,7.595321282,
Augusta  ,51015,13.91215012,
Bath  ,51017,0,
Bedford  ,51019,12.08263494,
Bland  ,51021,0,
Botetourt  ,51023,13.24128633,
Brunswick  ,51025,13.40368236,
Buchanan  ,51027,38.81041563,
Buckingham  ,51029,0,
Campbell  ,51031,13.82290674,
Caroline  ,51033,24.47527005,
Carroll  ,51035,14.84280124,
Charles City  ,51036,0,
Charlotte  ,51037,0,
Chesterfield  ,51041,18.35996116,
Clarke  ,51043,20.77821335,
Craig  ,51045,0,
Culpeper  ,51047,31.37136549,
Cumberland  ,51049,0,
Dickenson  ,51051,37.48527364,
Dinwiddie  ,51053,12.80300444,
Essex  ,51057,0,
Fairfax  ,51059,8.622420532,
Fauquier  ,51061,22.81660934,
Floyd  ,51063,0,
Fluvanna  ,51065,10.61949588,
Franklin  ,51067,21.3271911,
Frederick  ,51069,23.7738798,
Giles  ,51071,22.6026338,
Gloucester  ,51073,23.10101591,
Goochland  ,51075,13.29952299,
Grayson  ,51077,0,
Greene  ,51079,0,
Greensville  ,51081,0,
Halifax  ,51083,8.620689655,
Hanover  ,51085,16.07043442,
Henrico  ,51087,17.10880772,
Henry  ,51089,21.35200922,
Highland  ,51091,0,
Isle of Wight  ,51093,16.99356437,
James City  ,51095,11.28865356,
King and Queen  ,51097,0,
King George  ,51099,27.73882357,
King William  ,51101,21.83512058,
Lancaster  ,51103,18.3311336,
Lee  ,51105,22.28255936,
Loudoun  ,51107,8.188420744,
Louisa  ,51109,15.26942044,
Lunenburg  ,51111,0,
Madison  ,51113,16.68157899,
Mathews  ,51115,22.69580808,
Mecklenburg  ,51117,17.47561504,
Middlesex  ,51119,20.54999253,
Montgomery  ,51121,10.58970396,
Nelson  ,51125,13.46203034,
New Kent  ,51127,17.0401295,
Northampton  ,51131,16.66777785,
Northumberland  ,51133,0,
Nottoway  ,51135,0,
Orange  ,51137,34.14287393,
Page  ,51139,16.8219897,
Patrick  ,51141,21.21245953,
Pittsylvania  ,51143,11.67046497,
Powhatan  ,51145,14.01414027,
Prince Edward  ,51147,10.4510499,
Prince George  ,51149,13.76163785,
Prince William  ,51153,11.3832436,
Pulaski  ,51155,26.88376279,
Rappahannock  ,51157,0,
Richmond  ,51159,22.44114809,
Roanoke  ,51161,20.84982171,
Rockbridge  ,51163,10.66818392,
Rockingham  ,51165,7.53808618,
Russell  ,51167,22.61453166,
Scott  ,51169,17.29804532,
Shenandoah  ,51171,19.89745868,
Smyth  ,51173,18.03949361,
Southampton  ,51175,11.1655743,
Spotsylvania  ,51177,18.21095571,
Stafford  ,51179,13.69360896,
Surry  ,51181,0,
Sussex  ,51183,0,
Tazewell  ,51185,28.51019952,
Warren  ,51187,32.01365916,
Washington  ,51191,17.6261278,
Westmoreland  ,51193,30.57480636,
Wise  ,51195,35.80947314,
Wythe  ,51197,26.22643072,
York  ,51199,10.95517262,
Alexandria city ,51510,8.200281628,
Bedford city ,51515,0,
Bristol city ,51520,23.65268399,
Buena Vista city ,51530,0,
Charlottesville city ,51540,10.62753467,
Chesapeake city ,51550,18.15475415,
Clifton Forge city ,51560,0,
Colonial Heights city ,51570,32.58939608,
Covington city ,51580,35.75387036,
Danville city ,51590,18.24756179,
Emporia city ,51595,0,
Fairfax city ,51600,17.30802515,
Falls Church city ,51610,14.11193588,
Franklin city ,51620,24.09000024,
Fredericksburg city ,51630,27.41285874,
Galax city ,51640,0,
Hampton city ,51650,18.44405917,
Harrisonburg city ,51660,8.635513738,
Hopewell city ,51670,32.88128966,
Lexington city ,51678,0,
Lynchburg city ,51680,11.68596093,
Manassas city ,51683,16.3093011,
Manassas Park city ,51685,0,
Martinsville city ,51690,35.90395692,
Newport News city ,51700,19.22250491,
Norfolk city ,51710,22.43588436,
Norton city ,51720,0,
Petersburg city ,51730,31.80007108,
Poquoson city ,51735,0,
Portsmouth city ,51740,26.43388068,
Radford city ,51750,0,
Richmond city ,51760,30.25618394,
Roanoke city ,51770,32.68222849,
Salem city ,51775,25.00605615,
Staunton city ,51790,24.43653425,
Suffolk city ,51800,10.77049423,
Virginia Beach city ,51810,15.99503046,
Waynesboro city ,51820,12.76219473,
Williamsburg city ,51830,0,
Winchester city ,51840,26.01475615,
Adams  ,53001,0,
Asotin  ,53003,25.05704953,
Benton  ,53005,15.97067166,
Chelan  ,53007,11.31165179,
Clallam  ,53009,23.05741296,
Clark  ,53011,15.25264768,
Columbia  ,53013,0,
Cowlitz  ,53015,21.45604928,
Douglas  ,53017,10.1686544,
Ferry  ,53019,31.49110376,
Franklin  ,53021,10.36959898,
Garfield  ,53023,0,
Grant  ,53025,13.33499844,
Grays Harbor  ,53027,27.20967554,
Island  ,53029,12.92295238,
Jefferson  ,53031,19.38034575,
King  ,53033,15.90695555,
Kitsap  ,53035,16.04143099,
Kittitas  ,53037,9.811529439,
Klickitat  ,53039,17.7394357,
Lewis  ,53041,16.58546698,
Lincoln  ,53043,24.88514548,
Mason  ,53045,21.39556569,
Okanogan  ,53047,17.28824303,
Pacific  ,53049,20.69224981,
Pend Oreille  ,53051,16.62837102,
Pierce  ,53053,18.67484334,
San Juan  ,53055,14.55445184,
Skagit  ,53057,17.91140149,
Skamania  ,53059,0,
Snohomish  ,53061,18.64724643,
Spokane  ,53063,19.31772365,
Stevens  ,53065,15.77500338,
Thurston  ,53067,13.50158535,
Wahkiakum  ,53069,0,
Walla Walla  ,53071,23.84019125,
Whatcom  ,53073,13.00109541,
Whitman  ,53075,9.064987721,
Yakima  ,53077,14.58576429,
Barbour  ,54001,18.000072,
Berkeley  ,54003,60.74307265,
Boone  ,54005,75.30516103,
Braxton  ,54007,25.11335891,
Brooke  ,54009,41.92029903,
Cabell  ,54011,107.7130941,
Calhoun  ,54013,0,
Clay  ,54015,29.47444792,
Doddridge  ,54017,0,
Fayette  ,54019,46.1557258,
Gilmer  ,54021,0,
Grant  ,54023,23.93939912,
Greenbrier  ,54025,30.6264817,
Hampshire  ,54027,53.86687187,
Hancock  ,54029,50.65548194,
Hardy  ,54031,20.24408583,
Harrison  ,54033,31.6492791,
Jackson  ,54035,22.72774231,
Jefferson  ,54037,39.75691486,
Kanawha  ,54039,62.4634508,
Lewis  ,54041,22.10731875,
Lincoln  ,54043,58.69433505,
Logan  ,54045,70.88553758,
McDowell  ,54047,80.12236871,
Marion  ,54049,20.16271666,
Marshall  ,54051,20.86468305,
Mason  ,54053,49.85230325,
Mercer  ,54055,67.15161379,
Mineral  ,54057,28.55009443,
Mingo  ,54059,73.64425777,
Monongalia  ,54061,22.14708336,
Monroe  ,54063,23.83080131,
Morgan  ,54065,43.14161804,
Nicholas  ,54067,38.69938476,
Ohio  ,54069,35.26093089,
Pendleton  ,54071,0,
Pleasants  ,54073,0,
Pocahontas  ,54075,0,
Preston  ,54077,21.89297295,
Putnam  ,54079,39.07996606,
Raleigh  ,54081,69.17731403,
Randolph  ,54083,17.22130758,
Ritchie  ,54085,0,
Roane  ,54087,26.65469544,
Summers  ,54089,47.48701766,
Taylor  ,54091,18.90537858,
Tucker  ,54093,0,
Tyler  ,54095,0,
Upshur  ,54097,16.25659408,
Wayne  ,54099,74.48660968,
Webster  ,54101,41.96586776,
Wetzel  ,54103,28.15063147,
Wirt  ,54105,0,
Wood  ,54107,33.90710389,
Wyoming  ,54109,73.72728278,
Adams  ,55001,28.78326204,
Ashland  ,55003,20.31488065,
Barron  ,55005,10.57991139,
Bayfield  ,55007,0,
Brown  ,55009,12.60356635,
Buffalo  ,55011,0,
Burnett  ,55013,14.38961854,
Calumet  ,55015,7.629541585,
Chippewa  ,55017,10.35820558,
Clark  ,55019,7.522582213,
Columbia  ,55021,24.21978932,
Crawford  ,55023,13.47890551,
Dane  ,55025,18.26428879,
Dodge  ,55027,23.36782545,
Door  ,55029,0,
Douglas  ,55031,12.42521859,
Dunn  ,55033,7.612053911,
Eau Claire  ,55035,9.323303013,
Florence  ,55037,0,
Fond du Lac  ,55039,12.90347807,
Forest  ,55041,37.60313212,
Grant  ,55043,7.312023275,
Green  ,55045,8.643789437,
Green Lake  ,55047,15.94235245,
Iowa  ,55049,11.78669451,
Iron  ,55051,0,
Jackson  ,55053,19.45998541,
Jefferson  ,55055,17.23568022,
Juneau  ,55057,12.11332011,
Kenosha  ,55059,26.70626315,
Kewaunee  ,55061,0,
La Crosse  ,55063,16.4170541,
Lafayette  ,55065,0,
Langlade  ,55067,12.4633888,
Lincoln  ,55069,11.43657703,
Manitowoc  ,55071,18.35319082,
Marathon  ,55073,10.46563219,
Marinette  ,55075,10.32362094,
Marquette  ,55077,34.24026128,
Menominee  ,55078,43.66621545,
Milwaukee  ,55079,32.7327091,
Monroe  ,55081,14.02112809,
Oconto  ,55083,0,
Oneida  ,55085,10.70693979,
Outagamie  ,55087,9.748689614,
Ozaukee  ,55089,10.4258743,
Pepin  ,55091,0,
Pierce  ,55093,7.227487581,
Polk  ,55095,9.659302598,
Portage  ,55097,8.221049856,
Price  ,55099,0,
Racine  ,55101,19.63113908,
Richland  ,55103,14.85272947,
Rock  ,55105,25.81222042,
Rusk  ,55107,14.10795406,
St. Croix  ,55109,8.849597684,
Sauk  ,55111,18.48370927,
Sawyer  ,55113,23.14561025,
Shawano  ,55115,10.69643517,
Sheboygan  ,55117,15.9421646,
Taylor  ,55119,0,
Trempealeau  ,55121,8.129750823,
Vernon  ,55123,10.44209207,
Vilas  ,55125,21.3276954,
Walworth  ,55127,16.46999554,
Washburn  ,55129,12.73398701,
Washington  ,55131,15.47584503,
Waukesha  ,55133,15.49864249,
Waupaca  ,55135,10.85704758,
Waushara  ,55137,9.916945581,
Winnebago  ,55139,16.22809648,
Wood  ,55141,12.28397269,
Albany  ,56001,10.99729781,
Big Horn  ,56003,16.73808249,
Campbell  ,56005,15.49900513,
Carbon  ,56007,32.33943471,
Converse  ,56009,0,
Crook  ,56011,0,
Fremont  ,56013,18.9437371,
Goshen  ,56015,0,
Hot Springs  ,56017,0,
Johnson  ,56019,0,
Laramie  ,56021,14.72546216,
Lincoln  ,56023,15.77320238,
Natrona  ,56025,19.57854093,
Niobrara  ,56027,0,
Park  ,56029,10.92433532,
Platte  ,56031,0,
Sheridan  ,56033,12.60916886,
Sublette  ,56035,0,
Sweetwater  ,56037,20.87246921,
Teton  ,56039,0,
Uinta  ,56041,24.20299536,
Washakie  ,56043,0,
Weston  ,56045,0,