State,County,Population
South Carolina,Abbeville,24541
Louisiana,Acadia,62190
Virginia,Accomack,32412
Idaho,Ada,469966
Iowa,Adair,7063
Kentucky,Adair,19215
Missouri,Adair,25339
Oklahoma,Adair,22082
Colorado,Adams,511868
Idaho,Adams,4250
Illinois,Adams,65691
Indiana,Adams,35636
Iowa,Adams,3645
Mississippi,Adams,31192
Nebraska,Adams,31511
North Dakota,Adams,2294
Ohio,Adams,27724
Pennsylvania,Adams,102811
Washington,Adams,19759
Wisconsin,Adams,20348
Vermont,Addison,36973
South Carolina,Aiken,169401
Minnesota,Aitkin,15902
Florida,Alachua,269956
North Carolina,Alamance,166436
California,Alameda,1666753
Colorado,Alamosa,16683
New York,Albany,307117
Wyoming,Albany,38601
Virginia,Albemarle,108718
Michigan,Alcona,10362
Mississippi,Alcorn,36925
Alaska,Aleutians East,3515
Alaska,Aleutians West Census Area,5723
Illinois,Alexander,6060
North Carolina,Alexander,37353
Virginia,Alexandria,160530
Oklahoma,Alfalfa,5754
Michigan,Alger,9097
Iowa,Allamakee,13832
Michigan,Allegan,117327
Maryland,Allegany,70975
New York,Allegany,46430
North Carolina,Alleghany,11161
Virginia,Alleghany,14910
Pennsylvania,Allegheny,1218452
Indiana,Allen,375351
Kansas,Allen,12444
Kentucky,Allen,21122
Ohio,Allen,102663
Louisiana,Allen,25605
South Carolina,Allendale,8903
Michigan,Alpena,28360
California,Alpine,1101
California,Amador,39383
Virginia,Amelia,13013
Virginia,Amherst,31666
Mississippi,Amite,12326
Alaska,Anchoragepality,291538
Kansas,Anderson,7878
Kentucky,Anderson,22663
South Carolina,Anderson,200482
Tennessee,Anderson,76482
Texas,Anderson,58057
Missouri,Andrew,17607
Texas,Andrews,18128
Maine,Androscoggin,107679
Texas,Angelina,87092
Maryland,Anne Arundel,576031
Minnesota,Anoka,353813
North Carolina,Anson,24877
Nebraska,Antelope,6336
Michigan,Antrim,23365
Arizona,Apache,71818
Iowa,Appanoose,12437
Georgia,Appling,18507
Virginia,Appomattox,15841
Texas,Aransas,23792
Colorado,Arapahoe,651215
Texas,Archer,8786
Colorado,Archuleta,13765
Michigan,Arenac,15041
Arkansas,Arkansas,17769
Virginia,Arlington,237521
Pennsylvania,Armstrong,65263
Texas,Armstrong,1892
Maine,Aroostook,67111
Nebraska,Arthur,465
Louisiana,Ascension,124672
North Carolina,Ashe,27109
Ohio,Ashland,53745
Wisconsin,Ashland,15600
Arkansas,Ashley,20046
Ohio,Ashtabula,97493
Washington,Asotin,22610
Louisiana,Assumption,22300
Texas,Atascosa,50310
Kansas,Atchison,16193
Missouri,Atchison,5171
Ohio,Athens,65818
Georgia,Atkinson,8297
New Jersey,Atlantic,265429
Oklahoma,Atoka,13838
Mississippi,Attala,18365
Missouri,Audrain,25473
Iowa,Audubon,5506
Ohio,Auglaize,45804
Virginia,Augusta,75457
South Dakota,Aurora,2801
Texas,Austin,29989
Alabama,Autauga,55601
North Carolina,Avery,17505
Louisiana,Avoyelles,40462
Colorado,Baca,3585
Georgia,Bacon,11185
Texas,Bailey,7027
Florida,Baker,28355
Georgia,Baker,3092
Oregon,Baker,16006
Alabama,Baldwin,218022
Georgia,Baldwin,44823
Kentucky,Ballard,7979
Maryland,Baltimore,602495
Maryland,Baltimore,828431
South Carolina,Bamberg,14275
Texas,Bandera,22824
Georgia,Banks,18988
Nebraska,Banner,730
Idaho,Bannock,87138
Michigan,Baraga,8320
Kansas,Barber,4472
Alabama,Barbour,24881
West Virginia,Barbour,16535
North Dakota,Barnes,10542
Massachusetts,Barnstable,213413
South Carolina,Barnwell,21112
Kentucky,Barren,44176
Wisconsin,Barron,45164
Georgia,Barrow,80809
Michigan,Barry,61157
Missouri,Barry,35886
Indiana,Bartholomew,82753
Kansas,Barton,26111
Missouri,Barton,11798
Georgia,Bartow,106408
Texas,Bastrop,86976
Missouri,Bates,16320
Kentucky,Bath,12383
Virginia,Bath,4292
Arkansas,Baxter,41619
Florida,Bay,185287
Michigan,Bay,103923
Wisconsin,Bayfield,15042
Texas,Baylor,3582
South Dakota,Beadle,18883
Idaho,Bear Lake,6050
North Carolina,Beaufort,47079
South Carolina,Beaufort,188715
Louisiana,Beauregard,37253
Oklahoma,Beaver,5319
Pennsylvania,Beaver,164742
Utah,Beaver,6580
Montana,Beaverhead,9404
Minnesota,Becker,34371
Oklahoma,Beckham,21709
Pennsylvania,Bedford,48176
Tennessee,Bedford,49038
Arkansas,Bedford,49038
Virginia,Bedford,78747
Texas,Bee,32587
New Hampshire,Belknap,61022
Kentucky,Bell,26569
Texas,Bell,355642
Ohio,Belmont,67505
Minnesota,Beltrami,46847
Georgia,Ben Hill,16787
Idaho,Benewah,9226
South Dakota,Bennett,3468
Vermont,Bennington,35631
North Dakota,Benson,6962
Colorado,Bent,5882
Arkansas,Benton,272608
Indiana,Benton,8653
Iowa,Benton,25642
Minnesota,Benton,40545
Mississippi,Benton,8271
Missouri,Benton,19278
Oregon,Benton,92101
Tennessee,Benton,16184
Washington,Benton,201877
Michigan,Benzie,17753
New Jersey,Bergen,936692
South Carolina,Berkeley,221091
West Virginia,Berkeley,117123
Pennsylvania,Berks,420152
Massachusetts,Berkshire,126348
New Mexico,Bernalillo,678701
Georgia,Berrien,19252
Michigan,Berrien,154141
North Carolina,Bertie,19026
Alaska,Bethel Census Area,18216
Texas,Bexar,1986049
Alabama,Bibb,22400
Georgia,Bibb,153095
Louisiana,Bienville,13308
Montana,Big Horn,13338
Wyoming,Big Horn,11881
Minnesota,Big Stone,4989
North Dakota,Billings,919
Idaho,Bingham,46236
Iowa,Black Hawk,132408
Indiana,Blackford,11930
North Carolina,Bladen,33190
Idaho,Blaine,22601
Montana,Blaine,6807
Nebraska,Blaine,476
Oklahoma,Blaine,9485
Pennsylvania,Blair,122492
Texas,Blanco,11702
Virginia,Bland,6293
Georgia,Bleckley,12838
Tennessee,Bledsoe,14755
Alabama,Blount,57840
Tennessee,Blount,131349
Minnesota,Blue Earth,67427
Idaho,Boise,7634
Mississippi,Bolivar,31333
Missouri,Bollinger,12169
South Dakota,Bon Homme,6980
Illinois,Bond,16630
Idaho,Bonner,44727
Idaho,Bonneville,116854
Arkansas,Boone,37480
Illinois,Boone,53577
Indiana,Boone,66999
Iowa,Boone,26346
Kentucky,Boone,131533
Missouri,Boone,180005
Nebraska,Boone,5239
West Virginia,Boone,21951
Texas,Borden,648
Texas,Bosque,18691
Louisiana,Bossier,127185
Virginia,Botetourt,33277
North Dakota,Bottineau,6411
Colorado,Boulder,326078
Idaho,Boundary,11948
Kansas,Bourbon,14653
Kentucky,Bourbon,20184
Texas,Bowie,94324
North Dakota,Bowman,3076
Nebraska,Box Butte,10772
Utah,Box Elder,54950
Kentucky,Boyd,47240
Nebraska,Boyd,1955
Kentucky,Boyle,30100
Kentucky,Bracken,8239
Florida,Bradford,27732
Pennsylvania,Bradford,60833
Arkansas,Bradley,10897
Tennessee,Bradley,106727
Michigan,Branch,43622
Georgia,Brantley,18897
West Virginia,Braxton,14089
Texas,Brazoria,370200
Texas,Brazos,226758
Kentucky,Breathitt,12726
Kentucky,Breckinridge,20388
Iowa,Bremer,24947
Florida,Brevard,596849
Texas,Brewster,9267
Texas,Briscoe,1516
Alaska,Bristol Bay,877
Virginia,Bristol,16482
Massachusetts,Bristol,564022
Rhode Island,Bristol,48649
Montana,Broadwater,6085
New York,Bronx,1432132
West Virginia,Brooke,22203
South Dakota,Brookings,35232
Georgia,Brooks,15513
Texas,Brooks,7114
New York,Broome,191659
Colorado,Broomfield,69267
Florida,Broward,1951260
Illinois,Brown,6556
Indiana,Brown,15234
Kansas,Brown,9598
Minnesota,Brown,25111
Nebraska,Brown,2973
Ohio,Brown,43602
South Dakota,Brown,39316
Texas,Brown,37924
Wisconsin,Brown,263378
South Dakota,Brule,5229
North Carolina,Brunswick,136744
Virginia,Brunswick,16384
Georgia,Bryan,38109
Oklahoma,Bryan,47192
Iowa,Buchanan,21199
Missouri,Buchanan,88571
Virginia,Buchanan,21221
Virginia,Buckingham,16999
Pennsylvania,Bucks,628195
Virginia,Buena Vista,6237
Iowa,Buena Vista,19874
Nebraska,Buffalo,49615
South Dakota,Buffalo,2036
Wisconsin,Buffalo,13125
Kentucky,Bullitt,81069
Georgia,Bulloch,77296
Alabama,Bullock,10138
North Carolina,Buncombe,259103
Illinois,Bureau,32993
Georgia,Burke,22423
North Carolina,Burke,90382
North Dakota,Burke,2100
North Dakota,Burleigh,95273
Texas,Burleson,18389
New Jersey,Burlington,445384
Texas,Burnet,47542
Wisconsin,Burnett,15392
Nebraska,Burt,6488
Alabama,Butler,19680
Iowa,Butler,14539
Kansas,Butler,66765
Kentucky,Butler,12772
Missouri,Butler,42639
Nebraska,Butler,8058
Ohio,Butler,382378
Pennsylvania,Butler,187888
California,Butte,231256
Idaho,Butte,2611
South Dakota,Butte,10222
Georgia,Butts,24193
North Carolina,Cabarrus,211342
West Virginia,Cabell,93224
Utah,Cache,127068
Oklahoma,Caddo,28977
Louisiana,Caddo,242922
California,Calaveras,45602
Louisiana,Calcasieu,203112
Kentucky,Caldwell,12715
Missouri,Caldwell,9108
North Carolina,Caldwell,82029
Texas,Caldwell,43247
Louisiana,Caldwell,9960
Vermont,Caledonia,30302
Alabama,Calhoun,114277
Arkansas,Calhoun,5277
Florida,Calhoun,14587
Georgia,Calhoun,6352
Illinois,Calhoun,4802
Iowa,Calhoun,9699
Michigan,Calhoun,134487
Mississippi,Calhoun,14436
South Carolina,Calhoun,14520
Texas,Calhoun,21561
West Virginia,Calhoun,7254
Texas,Callahan,13994
Missouri,Callaway,44889
Kentucky,Calloway,39135
Wisconsin,Calumet,50159
Maryland,Calvert,92003
Idaho,Camas,1127
Pennsylvania,Cambria,131730
Georgia,Camden,53677
Missouri,Camden,45815
New Jersey,Camden,507078
North Carolina,Camden,10710
Pennsylvania,Cameron,4492
Texas,Cameron,423908
Louisiana,Cameron,6968
Texas,Camp,13033
Kentucky,Campbell,93152
South Dakota,Campbell,1377
Tennessee,Campbell,39583
Virginia,Campbell,54973
Wyoming,Campbell,46140
Oklahoma,Canadian,144447
Georgia,Candler,10836
Tennessee,Cannon,14462
Idaho,Canyon,223499
Missouri,Cape Girardeau,78753
New Jersey,Cape May,92560
Montana,Carbon,10714
Pennsylvania,Carbon,64227
Utah,Carbon,20269
Wyoming,Carbon,14971
Idaho,Caribou,7060
Kentucky,Carlisle,4771
Minnesota,Carlton,35837
Maryland,Caroline,33304
Virginia,Caroline,30772
Arkansas,Carroll,28223
Georgia,Carroll,118121
Illinois,Carroll,14312
Indiana,Carroll,20127
Iowa,Carroll,20154
Kentucky,Carroll,10737
Maryland,Carroll,168429
Mississippi,Carroll,9911
Missouri,Carroll,8743
New Hampshire,Carroll,48779
Ohio,Carroll,27081
Tennessee,Carroll,28020
Virginia,Carroll,29636
Nevada,Carson,55414
Texas,Carson,6005
Kentucky,Carter,27004
Missouri,Carter,6054
Montana,Carter,1238
Oklahoma,Carter,48177
Tennessee,Carter,56351
North Carolina,Carteret,69524
Minnesota,Carver,103551
Montana,Cascade,81643
Kentucky,Casey,15888
Illinois,Cass,12260
Indiana,Cass,37955
Iowa,Cass,12930
Michigan,Cass,51653
Minnesota,Cass,29519
Missouri,Cass,104954
Nebraska,Cass,26159
North Dakota,Cass,181516
Texas,Cass,30119
Idaho,Cassia,23864
Texas,Castro,7665
North Carolina,Caswell,22698
Louisiana,Catahoula,9608
North Carolina,Catawba,158652
Georgia,Catoosa,67420
New Mexico,Catron,3578
New York,Cattaraugus,76840
North Dakota,Cavalier,3829
New York,Cayuga,77145
Maryland,Cecil,102826
Iowa,Cedar,18627
Missouri,Cedar,14165
Nebraska,Cedar,8446
Pennsylvania,Centre,162805
Iowa,Cerro Gordo,42647
Colorado,Chaffee,20027
Alabama,Chambers,33615
Texas,Chambers,42454
Illinois,Champaign,209983
Ohio,Champaign,38754
Missouri,Chariton,7451
Virginia,Charles,6941
Maryland,Charles,161503
South Dakota,Charles Mix,9338
South Carolina,Charleston,405905
Michigan,Charlevoix,26244
Florida,Charlotte,184998
Virginia,Charlotte,11938
Virginia,Charlottesville,48117
Georgia,Charlton,12968
Kansas,Chase,2629
Nebraska,Chase,3977
Georgia,Chatham,289195
North Carolina,Chatham,73139
Georgia,Chattahoochee,10684
Georgia,Chattooga,24790
Kansas,Chautauqua,3309
New York,Chautauqua,127939
New Mexico,Chaves,64689
Tennessee,Cheatham,40439
Michigan,Cheboygan,25413
Washington,Chelan,77036
New York,Chemung,84254
New York,Chenango,47536
Alabama,Cherokee,26032
Georgia,Cherokee,254149
Iowa,Cherokee,11321
Kansas,Cherokee,20015
North Carolina,Cherokee,28383
Oklahoma,Cherokee,48675
South Carolina,Cherokee,57078
Texas,Cherokee,52592
Nebraska,Cherry,5761
Virginia,Chesapeake,242634
New Hampshire,Cheshire,76493
Pennsylvania,Chester,522046
South Carolina,Chester,32251
Tennessee,Chester,17276
South Carolina,Chesterfield,45754
Virginia,Chesterfield,348556
Colorado,Cheyenne,1876
Kansas,Cheyenne,2660
Nebraska,Cheyenne,9310
Iowa,Chickasaw,11964
Mississippi,Chickasaw,17171
Arkansas,Chicot,10438
Texas,Childress,7291
Alabama,Chilton,44153
Michigan,Chippewa,37517
Minnesota,Chippewa,11924
Wisconsin,Chippewa,64135
Minnesota,Chisago,55922
Vermont,Chittenden,164572
Alabama,Choctaw,12841
Mississippi,Choctaw,8278
Oklahoma,Choctaw,14668
Montana,Chouteau,5745
North Carolina,Chowan,14029
Illinois,Christian,32661
Kentucky,Christian,71671
Missouri,Christian,86983
Nevada,Churchill,24440
New Mexico,Cibola,26746
Oklahoma,Cimarron,2153
Florida,Citrus,147929
Oregon,Clackamas,416075
Mississippi,Claiborne,9002
Tennessee,Claiborne,31756
Louisiana,Claiborne,15944
Washington,Clallam,76737
Michigan,Clare,30757
South Carolina,Clarendon,33700
Pennsylvania,Clarion,38779
Arkansas,Clark,22061
Idaho,Clark,852
Illinois,Clark,15596
Indiana,Clark,117360
Kansas,Clark,2005
Kentucky,Clark,36249
Missouri,Clark,6842
Nevada,Clark,2231647
Ohio,Clark,134585
South Dakota,Clark,3739
Washington,Clark,481857
Wisconsin,Clark,34709
Alabama,Clarke,23920
Georgia,Clarke,127330
Iowa,Clarke,9423
Mississippi,Clarke,15604
Virginia,Clarke,14523
Oregon,Clatsop,39764
Alabama,Clay,13275
Arkansas,Clay,14847
Florida,Clay,216072
Georgia,Clay,2887
Illinois,Clay,13253
Indiana,Clay,26170
Iowa,Clay,16134
Kansas,Clay,7997
Kentucky,Clay,20105
Minnesota,Clay,63955
Mississippi,Clay,19386
Missouri,Clay,246365
Nebraska,Clay,6214
North Carolina,Clay,11139
South Dakota,Clay,14041
Tennessee,Clay,7717
Texas,Clay,10456
West Virginia,Clay,8632
Georgia,Clayton,289615
Iowa,Clayton,17556
Colorado,Clear Creek,9605
Pennsylvania,Clearfield,79388
Idaho,Clearwater,8758
Minnesota,Clearwater,8810
Alabama,Cleburne,14987
Arkansas,Cleburne,24965
Ohio,Clermont,205466
Arkansas,Cleveland,8018
North Carolina,Cleveland,97645
Oklahoma,Cleveland,281669
Georgia,Clinch,6648
Illinois,Clinton,37639
Indiana,Clinton,32250
Iowa,Clinton,46518
Kentucky,Clinton,10206
Michigan,Clinton,79332
Missouri,Clinton,20470
New York,Clinton,80695
Ohio,Clinton,42057
Pennsylvania,Clinton,38684
Kansas,Cloud,8729
Mississippi,Coahoma,22628
Oklahoma,Coal,5520
Georgia,Cobb,756865
Arizona,Cochise,126770
Texas,Cochran,2836
Tennessee,Cocke,35774
Arizona,Coconino,142854
South Dakota,Codington,28015
Alabama,Coffee,51909
Georgia,Coffee,43093
Tennessee,Coffee,55700
Kansas,Coffey,8233
Texas,Coke,3370
Alabama,Colbert,54762
Missouri,Cole,76796
Texas,Coleman,8397
Illinois,Coles,50885
Nebraska,Colfax,10881
New Mexico,Colfax,12110
South Carolina,Colleton,37660
Florida,Collier,378488
Texas,Collin,1005146
Texas,Collingsworth,2962
Virginia,Colonial Heights,17833
Texas,Colorado,21217
Georgia,Colquitt,45592
Arkansas,Columbia,23537
Florida,Columbia,70503
Georgia,Columbia,154291
New York,Columbia,59916
Oregon,Columbia,52377
Pennsylvania,Columbia,65456
Washington,Columbia,4059
Wisconsin,Columbia,57358
Ohio,Columbiana,102665
North Carolina,Columbus,55655
California,Colusa,21627
Texas,Comal,148373
Kansas,Comanche,1748
Oklahoma,Comanche,120422
Texas,Comanche,13534
Texas,Concho,4276
Louisiana,Concordia,19572
Alabama,Conecuh,12277
Colorado,Conejos,8200
California,Contra Costa,1150215
Wyoming,Converse,13640
Arkansas,Conway,20891
Georgia,Cook,17162
Illinois,Cook,5180493
Minnesota,Cook,5393
Texas,Cooke,40574
Missouri,Cooper,17603
New Hampshire,Coos,31589
Oregon,Coos,64389
Alabama,Coosa,10715
Mississippi,Copiah,28543
South Dakota,Corson,4165
New York,Cortland,47823
Texas,Coryell,74808
Ohio,Coshocton,36629
Colorado,Costilla,3828
Texas,Cottle,1389
Oklahoma,Cotton,5776
Minnesota,Cottonwood,11277
Virginia,Covington,5460
Alabama,Covington,36986
Mississippi,Covington,18853
Georgia,Coweta,145864
Kansas,Cowley,35218
Washington,Cowlitz,108987
Oklahoma,Craig,14306
Virginia,Craig,5064
Arkansas,Craighead,108558
Texas,Crane,4794
North Carolina,Craven,102912
Arkansas,Crawford,63406
Georgia,Crawford,12318
Illinois,Crawford,18807
Indiana,Crawford,10558
Iowa,Crawford,17158
Kansas,Crawford,39019
Michigan,Crawford,13901
Missouri,Crawford,23957
Ohio,Crawford,41550
Pennsylvania,Crawford,85063
Wisconsin,Crawford,16291
Oklahoma,Creek,71604
Alabama,Crenshaw,13824
Georgia,Crisp,22601
Arkansas,Crittenden,48342
Kentucky,Crittenden,8915
Tennessee,Crockett,14328
Texas,Crockett,3499
Oregon,Crook,23867
Wyoming,Crook,7450
Texas,Crosby,5779
Arkansas,Cross,16676
Minnesota,Crow Wing,64889
Colorado,Crowley,5858
Texas,Culberson,2204
Alabama,Cullman,83442
Virginia,Culpeper,51859
Illinois,Cumberland,10808
Kentucky,Cumberland,6659
Maine,Cumberland,293557
New Jersey,Cumberland,150972
North Carolina,Cumberland,332330
Pennsylvania,Cumberland,251423
Tennessee,Cumberland,59673
Virginia,Cumberland,9809
Nebraska,Cuming,8940
North Carolina,Currituck,27072
New Mexico,Curry,49437
Oregon,Curry,22813
Colorado,Custer,4954
Idaho,Custer,4280
Montana,Custer,11586
Nebraska,Custer,10840
Oklahoma,Custer,29036
South Dakota,Custer,8726
Ohio,Cuyahoga,1243857
Georgia,Dade,16226
Missouri,Dade,7569
Utah,Daggett,980
Minnesota,Dakota,425423
Nebraska,Dakota,20083
Alabama,Dale,48956
Texas,Dallam,7200
Alabama,Dallas,38310
Arkansas,Dallas,7182
Iowa,Dallas,90180
Missouri,Dallas,16762
Texas,Dallas,2637772
Wisconsin,Dane,542364
Montana,Daniels,1747
Virginia,Danville,40693
North Carolina,Dare,36501
Ohio,Darke,51323
South Carolina,Darlington,66802
Pennsylvania,Dauphin,277097
North Carolina,Davidson,166614
Tennessee,Davidson,692587
North Carolina,Davie,42733
Indiana,Daviess,33147
Kentucky,Daviess,101104
Missouri,Daviess,8313
Iowa,Davis,9017
Utah,Davis,351713
South Dakota,Davison,19790
Nebraska,Dawes,8716
Georgia,Dawson,25083
Montana,Dawson,8680
Nebraska,Dawson,23709
Texas,Dawson,12619
South Dakota,Day,5505
New Mexico,De Baca,1781
Louisiana,De Soto,27436
Illinois,De Witt,15769
Texas,Deaf Smith,18760
Indiana,Dearborn,49568
Georgia,Decatur,26575
Indiana,Decatur,26794
Iowa,Decatur,7890
Kansas,Decatur,2871
Tennessee,Decatur,11706
Montana,Deer Lodge,9131
Ohio,Defiance,38165
Alabama,DeKalb,71385
Georgia,DeKalb,756558
Illinois,DeKalb,104143
Indiana,DeKalb,43226
Missouri,DeKalb,12630
Tennessee,DeKalb,20138
California,Del Norte,27828
Indiana,Delaware,114772
Iowa,Delaware,17069
New York,Delaware,44527
Ohio,Delaware,204826
Oklahoma,Delaware,42733
Pennsylvania,Delaware,564751
Colorado,Delta,30953
Michigan,Delta,35857
Texas,Delta,5349
Alaska,Denali,2059
Missouri,Dent,15441
Texas,Denton,859064
Colorado,Denver,716492
Iowa,Des Moines,39138
Oregon,Deschutes,191996
Arkansas,Desha,11512
Florida,DeSoto,37489
Mississippi,DeSoto,182001
Nebraska,Deuel,1825
South Dakota,Deuel,4337
Oklahoma,Dewey,4894
South Dakota,Dewey,5904
Texas,DeWitt,20187
Texas,Dickens,2249
Virginia,Dickenson,14523
North Dakota,Dickey,4903
Iowa,Dickinson,17153
Kansas,Dickinson,18717
Michigan,Dickinson,25383
Tennessee,Dickson,53446
Alaska,Dillingham Census Area,5000
South Carolina,Dillon,30599
Texas,Dimmit,10308
Virginia,Dinwiddie,28529
District of Columbia,District of Columbia,702455
North Dakota,Divide,2283
Florida,Dixie,16700
Nebraska,Dixon,5709
West Virginia,Doddridge,8406
Georgia,Dodge,20705
Minnesota,Dodge,20822
Nebraska,Dodge,36791
Wisconsin,Dodge,87847
Colorado,Dolores,2074
Kansas,Doniphan,7682
Texas,Donley,3319
New Mexico,Do√ía Ana,217522
Georgia,Dooly,13706
Wisconsin,Door,27610
Maryland,Dorchester,31998
South Carolina,Dorchester,160647
Georgia,Dougherty,91243
Colorado,Douglas,342776
Georgia,Douglas,145331
Illinois,Douglas,19479
Kansas,Douglas,121436
Minnesota,Douglas,37964
Missouri,Douglas,13373
Nebraska,Douglas,566880
Nevada,Douglas,48467
Oregon,Douglas,110283
South Dakota,Douglas,2935
Washington,Douglas,42907
Wisconsin,Douglas,43208
Arkansas,Drew,18328
Indiana,Dubois,42565
Iowa,Dubuque,96854
Utah,Duchesne,19964
Massachusetts,Dukes,17352
Nebraska,Dundy,1770
Missouri,Dunklin,29423
North Dakota,Dunn,4332
Wisconsin,Dunn,45131
Illinois,DuPage,928589
North Carolina,Duplin,58856
North Carolina,Durham,316739
New York,Dutchess,293718
Florida,Duval,950181
Texas,Duval,11212
Tennessee,Dyer,37320
Colorado,Eagle,54993
Georgia,Early,10247
Louisiana,East Baton Rouge,440956
Louisiana,East Carroll,7037
Louisiana,East Feliciana,19305
Texas,Eastland,18322
Michigan,Eaton,109826
Wisconsin,Eau Claire,104534
Georgia,Echols,4000
Texas,Ector,162124
New Mexico,Eddy,57900
North Dakota,Eddy,2313
Illinois,Edgar,17360
North Carolina,Edgecombe,52005
South Carolina,Edgefield,27052
Kentucky,Edmonson,12274
South Dakota,Edmunds,3875
Illinois,Edwards,6392
Kansas,Edwards,2849
Texas,Edwards,1928
Georgia,Effingham,62190
Illinois,Effingham,34208
California,El Dorado,190678
Colorado,El Paso,713856
Texas,El Paso,840758
Colorado,Elbert,26282
Georgia,Elbert,19120
Kansas,Elk,2508
Pennsylvania,Elk,30169
Indiana,Elkhart,205560
Nevada,Elko,52460
Kentucky,Elliott,7508
Kansas,Ellis,28710
Oklahoma,Ellis,3952
Texas,Ellis,179436
Kansas,Ellsworth,6196
Alabama,Elmore,81887
Idaho,Elmore,27259
Georgia,Emanuel,22612
Utah,Emery,10014
Iowa,Emmet,9253
Michigan,Emmet,33308
North Dakota,Emmons,3295
Virginia,Emporia,5121
Texas,Erath,42446
New York,Erie,919719
Ohio,Erie,74615
Pennsylvania,Erie,272061
Alabama,Escambia,36748
Florida,Escambia,315534
Nevada,Esmeralda,826
Massachusetts,Essex,790638
New Jersey,Essex,799767
New York,Essex,37300
Vermont,Essex,6250
Virginia,Essex,10919
Kentucky,Estill,14198
Alabama,Etowah,102501
Nevada,Eureka,2003
Louisiana,Evangeline,33443
Georgia,Evans,10721
Alaska,Fairbanks North Star,98971
Virginia,Fairfax,24574
Virginia,Fairfax,1150795
Connecticut,Fairfield,943823
Ohio,Fairfield,155782
South Carolina,Fairfield,22402
South Dakota,Fall River,6758
Montana,Fallon,2920
Virginia,Falls Church,14772
Texas,Falls,17335
Georgia,Fannin,25964
Texas,Fannin,35286
Minnesota,Faribault,13758
South Dakota,Faulk,2330
Arkansas,Faulkner,124806
Virginia,Fauquier,70675
Alabama,Fayette,16433
Georgia,Fayette,113459
Illinois,Fayette,21416
Indiana,Fayette,23047
Iowa,Fayette,19660
Kentucky,Fayette,323780
Ohio,Fayette,28666
Pennsylvania,Fayette,130441
Tennessee,Fayette,40507
Texas,Fayette,25349
West Virginia,Fayette,43018
Tennessee,Fentress,18217
Montana,Fergus,11113
Washington,Ferry,7649
Minnesota,Fillmore,21058
Nebraska,Fillmore,5527
Kansas,Finney,36611
Texas,Fisher,3839
Florida,Flagler,112067
Montana,Flathead,102106
Kentucky,Fleming,14432
South Carolina,Florence,138159
Wisconsin,Florence,4321
Georgia,Floyd,97927
Indiana,Floyd,77781
Iowa,Floyd,15761
Kentucky,Floyd,35845
Texas,Floyd,5837
Virginia,Floyd,15795
Virginia,Fluvanna,26783
Texas,Foard,1200
Wisconsin,Fond du Lac,103066
Illinois,Ford,13264
Kansas,Ford,33888
Pennsylvania,Forest,7279
Wisconsin,Forest,8991
Mississippi,Forrest,75036
Georgia,Forsyth,236612
North Carolina,Forsyth,379099
Texas,Fort Bend,787858
North Dakota,Foster,3216
Indiana,Fountain,16351
Virginia,Franklin,8013
Alabama,Franklin,31363
Arkansas,Franklin,17810
Florida,Franklin,11736
Georgia,Franklin,23023
Idaho,Franklin,13726
Illinois,Franklin,38701
Indiana,Franklin,22736
Iowa,Franklin,10124
Kansas,Franklin,25631
Kentucky,Franklin,50815
Maine,Franklin,29897
Massachusetts,Franklin,70963
Mississippi,Franklin,7788
Missouri,Franklin,103670
Nebraska,Franklin,3023
New York,Franklin,50293
North Carolina,Franklin,67560
Ohio,Franklin,1310300
Pennsylvania,Franklin,154835
Tennessee,Franklin,41890
Texas,Franklin,10766
Vermont,Franklin,49421
Virginia,Franklin,56195
Washington,Franklin,94347
Louisiana,Franklin,20156
Maryland,Frederick,255648
Virginia,Frederick,88355
Virginia,Fredericksburg,29144
Minnesota,Freeborn,30444
Texas,Freestone,19808
Colorado,Fremont,48021
Idaho,Fremont,13168
Iowa,Fremont,6993
Wyoming,Fremont,39531
California,Fresno,994400
Texas,Frio,19816
Nebraska,Frontier,2608
Arkansas,Fulton,12269
Georgia,Fulton,1050114
Illinois,Fulton,34844
Indiana,Fulton,20092
Kentucky,Fulton,6120
New York,Fulton,53591
Ohio,Fulton,42276
Pennsylvania,Fulton,14523
Nebraska,Furnas,4715
Florida,Gadsden,45894
Nebraska,Gage,21493
Texas,Gaines,20901
Virginia,Galax,6423
Illinois,Gallatin,5058
Kentucky,Gallatin,8832
Montana,Gallatin,111876
Ohio,Gallia,29979
Texas,Galveston,337890
Nebraska,Garden,1897
Colorado,Garfield,59770
Montana,Garfield,1268
Nebraska,Garfield,1987
Oklahoma,Garfield,60913
Utah,Garfield,5080
Washington,Garfield,2247
Arkansas,Garland,99154
Kentucky,Garrard,17560
Maryland,Garrett,29163
Oklahoma,Garvin,27811
Texas,Garza,6578
Missouri,Gasconade,14705
North Carolina,Gaston,222846
North Carolina,Gates,11573
Kansas,Geary,32594
Ohio,Geauga,94031
Idaho,Gem,17634
Michigan,Genesee,406892
New York,Genesee,57511
Alabama,Geneva,26314
Missouri,Gentry,6628
Mississippi,George,24250
South Carolina,Georgetown,62249
Indiana,Gibson,33452
Tennessee,Gibson,49045
Arizona,Gila,53889
Florida,Gilchrist,18256
Tennessee,Giles,29503
Virginia,Giles,16844
Texas,Gillespie,26804
Oregon,Gilliam,1894
Georgia,Gilmer,30816
West Virginia,Gilmer,8026
Colorado,Gilpin,6121
Montana,Glacier,13747
Florida,Glades,13724
Michigan,Gladwin,25337
Georgia,Glascock,2995
Texas,Glasscock,1388
California,Glenn,28047
New Jersey,Gloucester,291408
Virginia,Gloucester,37349
Georgia,Glynn,85219
Michigan,Gogebic,15096
Montana,Golden Valley,826
North Dakota,Golden Valley,1769
Texas,Goliad,7584
Texas,Gonzales,20826
Virginia,Goochland,23244
Minnesota,Goodhue,46403
Idaho,Gooding,15196
Georgia,Gordon,57685
Wyoming,Goshen,13376
Nebraska,Gosper,1996
Kansas,Gove,2612
Georgia,Grady,24748
Oklahoma,Grady,55551
New Hampshire,Grafton,89786
Arizona,Graham,38072
Kansas,Graham,2492
North Carolina,Graham,8484
Tennessee,Grainger,23145
Colorado,Grand,15525
Utah,Grand,9764
North Dakota,Grand Forks,70770
Vermont,Grand Isle,7090
Michigan,Grand Traverse,92573
Montana,Granite,3378
Arkansas,Grant,18188
Indiana,Grant,65936
Kansas,Grant,7336
Kentucky,Grant,25121
Minnesota,Grant,6021
Nebraska,Grant,660
New Mexico,Grant,27346
North Dakota,Grant,2374
Oklahoma,Grant,4326
Oregon,Grant,7176
South Dakota,Grant,7147
Washington,Grant,97331
West Virginia,Grant,11626
Wisconsin,Grant,51554
Louisiana,Grant,22482
North Carolina,Granville,60115
Michigan,Gratiot,40599
Kentucky,Graves,37317
Kansas,Gray,6033
Texas,Gray,21895
Washington,Grays Harbor,73901
Kentucky,Grayson,26321
Texas,Grayson,133991
Virginia,Grayson,15631
Kansas,Greeley,1227
Nebraska,Greeley,2356
Kentucky,Green,11049
Wisconsin,Green,36929
Wisconsin,Green Lake,18918
West Virginia,Greenbrier,34786
Alabama,Greene,8233
Arkansas,Greene,45325
Georgia,Greene,17698
Illinois,Greene,13044
Indiana,Greene,32006
Iowa,Greene,8981
Mississippi,Greene,13586
Missouri,Greene,291923
New York,Greene,47491
North Carolina,Greene,21012
Ohio,Greene,167995
Pennsylvania,Greene,36506
Tennessee,Greene,69087
Virginia,Greene,19779
Arizona,Greenlee,9483
Virginia,Greensville,11627
Kentucky,Greenup,35268
South Carolina,Greenville,514213
Kansas,Greenwood,6055
South Carolina,Greenwood,70741
Oklahoma,Greer,5821
Texas,Gregg,123707
South Dakota,Gregory,4212
Mississippi,Grenada,21055
North Dakota,Griggs,2232
Texas,Grimes,28360
Illinois,Grundy,50972
Iowa,Grundy,12304
Missouri,Grundy,9914
Tennessee,Grundy,13346
New Mexico,Guadalupe,4341
Texas,Guadalupe,163694
Ohio,Guernsey,39022
North Carolina,Guilford,533670
Florida,Gulf,16164
Colorado,Gunnison,17246
Iowa,Guthrie,10720
Georgia,Gwinnett,927781
South Dakota,Haakon,1918
Georgia,Habersham,45388
Alaska,Haines,2474
Alabama,Hale,14726
Texas,Hale,33830
North Carolina,Halifax,50574
Virginia,Halifax,34120
Georgia,Hall,202148
Nebraska,Hall,61607
Texas,Hall,3028
Tennessee,Hamblen,64569
Florida,Hamilton,14310
Illinois,Hamilton,8163
Indiana,Hamilton,330086
Iowa,Hamilton,14952
Kansas,Hamilton,2607
Nebraska,Hamilton,9280
New York,Hamilton,4434
Ohio,Hamilton,816684
Tennessee,Hamilton,364286
Texas,Hamilton,8484
South Dakota,Hamlin,6111
Massachusetts,Hampden,470406
Massachusetts,Hampshire,161355
West Virginia,Hampshire,23347
Virginia,Hampton,134313
South Carolina,Hampton,19351
Georgia,Hancock,8348
Illinois,Hancock,17844
Indiana,Hancock,76351
Iowa,Hancock,10712
Kentucky,Hancock,8758
Maine,Hancock,54811
Mississippi,Hancock,47334
Ohio,Hancock,75930
Tennessee,Hancock,6549
West Virginia,Hancock,29094
South Dakota,Hand,3262
Virginia,Hanover,107239
Texas,Hansford,5463
South Dakota,Hanson,3376
Georgia,Haralson,29533
Florida,Hardee,27245
Tennessee,Hardeman,25220
Texas,Hardeman,3922
Illinois,Hardin,3910
Iowa,Hardin,16868
Kentucky,Hardin,110356
Ohio,Hardin,31480
Tennessee,Hardin,25776
Texas,Hardin,57207
New Mexico,Harding,655
South Dakota,Harding,1249
West Virginia,Hardy,13775
Maryland,Harford,253956
Kentucky,Harlan,26409
Nebraska,Harlan,3401
Oklahoma,Harmon,2664
North Carolina,Harnett,134214
Oregon,Harney,7329
Kansas,Harper,5506
Oklahoma,Harper,3797
Georgia,Harris,34475
Texas,Harris,4698619
Indiana,Harrison,40350
Iowa,Harrison,14134
Kentucky,Harrison,18778
Mississippi,Harrison,206650
Missouri,Harrison,8414
Ohio,Harrison,15174
Texas,Harrison,66726
West Virginia,Harrison,67554
Virginia,Harrisonburg,54033
Georgia,Hart,26099
Kentucky,Hart,18906
Connecticut,Hartford,892697
Texas,Hartley,5619
Kansas,Harvey,34210
Kansas,Haskell,3997
Oklahoma,Haskell,12668
Texas,Haskell,5813
Hawaii,Hawaii,200983
Tennessee,Hawkins,56530
Nebraska,Hayes,916
Texas,Hays,222631
North Carolina,Haywood,61971
Tennessee,Haywood,17335
Georgia,Heard,11879
Texas,Hemphill,3825
Arkansas,Hempstead,21741
Illinois,Henderson,6709
Kentucky,Henderson,45591
North Carolina,Henderson,116748
Tennessee,Henderson,27847
Texas,Henderson,82299
Indiana,Hendricks,167009
Florida,Hendry,41556
Minnesota,Hennepin,1259428
Virginia,Henrico,329261
Alabama,Henry,17209
Georgia,Henry,230220
Illinois,Henry,49090
Indiana,Henry,48271
Iowa,Henry,20067
Kentucky,Henry,16106
Missouri,Henry,21792
Ohio,Henry,27086
Tennessee,Henry,32358
Virginia,Henry,50953
New York,Herkimer,61833
Florida,Hernando,190865
North Carolina,Hertford,23659
North Dakota,Hettinger,2514
Kentucky,Hickman,4421
Tennessee,Hickman,25063
Missouri,Hickory,9509
New Mexico,Hidalgo,4240
Texas,Hidalgo,865939
Ohio,Highland,43058
Virginia,Highland,2210
Florida,Highlands,105424
Montana,Hill,16347
Texas,Hill,36354
Florida,Hillsborough,1436888
New Hampshire,Hillsborough,415247
Michigan,Hillsdale,45749
Mississippi,Hinds,237085
Colorado,Hinsdale,811
Nebraska,Hitchcock,2806
Ohio,Hocking,28385
Texas,Hockley,22980
Kansas,Hodgeman,1818
North Carolina,Hoke,54764
Florida,Holmes,19477
Mississippi,Holmes,17622
Ohio,Holmes,43892
Missouri,Holt,4404
Nebraska,Holt,10178
Hawaii,Honolulu,980080
Texas,Hood,60537
Oregon,Hood River,23428
Nebraska,Hooker,682
Alaska,Hoonah-Angoon Census Area,2151
Virginia,Hopewell,22596
Kentucky,Hopkins,45068
Texas,Hopkins,36810
South Carolina,Horry,344147
Arkansas,Hot Spring,33701
Wyoming,Hot Springs,4555
Michigan,Houghton,36219
Alabama,Houston,104722
Georgia,Houston,155469
Minnesota,Houston,18578
Tennessee,Houston,8263
Texas,Houston,23169
Arkansas,Howard,13341
Indiana,Howard,82366
Iowa,Howard,9187
Maryland,Howard,323196
Missouri,Howard,10137
Nebraska,Howard,6468
Texas,Howard,36459
Missouri,Howell,40076
Minnesota,Hubbard,21332
New Jersey,Hudson,676061
Texas,Hudspeth,4795
Colorado,Huerfano,6889
Oklahoma,Hughes,13335
South Dakota,Hughes,17650
California,Humboldt,136373
Iowa,Humboldt,9547
Nevada,Humboldt,16786
Mississippi,Humphreys,8257
Tennessee,Humphreys,18486
Texas,Hunt,96493
New Jersey,Hunterdon,124714
Pennsylvania,Huntingdon,45168
Indiana,Huntington,36240
Michigan,Huron,31166
Ohio,Huron,58504
South Dakota,Hutchinson,7380
Texas,Hutchinson,21198
North Carolina,Hyde,5230
South Dakota,Hyde,1282
Louisiana,Iberia,70941
Louisiana,Iberville,32721
Iowa,Ida,6841
Idaho,Idaho,16513
California,Imperial,181827
Arkansas,Independence,37678
Florida,Indian River,157413
Pennsylvania,Indiana,84501
Michigan,Ingham,292735
California,Inyo,17987
Michigan,Ionia,64210
Michigan,Iosco,25081
Iowa,Iowa,16141
Wisconsin,Iowa,23771
North Carolina,Iredell,178435
Texas,Irion,1522
Michigan,Iron,11117
Missouri,Iron,10177
Utah,Iron,52775
Wisconsin,Iron,5676
Illinois,Iroquois,27604
Georgia,Irwin,9398
Michigan,Isabella,70562
Minnesota,Isanti,39966
Washington,Island,84460
Virginia,Isle of Wight,36953
Mississippi,Issaquena,1308
Minnesota,Itasca,45108
Mississippi,Itawamba,23517
Arkansas,Izard,13593
Texas,Jack,8843
Alabama,Jackson,51736
Arkansas,Jackson,16811
Colorado,Jackson,1399
Florida,Jackson,48305
Georgia,Jackson,70422
Illinois,Jackson,57419
Indiana,Jackson,44111
Iowa,Jackson,19432
Kansas,Jackson,13280
Kentucky,Jackson,13442
Michigan,Jackson,158823
Minnesota,Jackson,9911
Mississippi,Jackson,143277
Missouri,Jackson,700307
North Carolina,Jackson,43327
Ohio,Jackson,32384
Oklahoma,Jackson,24949
Oregon,Jackson,219564
South Dakota,Jackson,3307
Tennessee,Jackson,11758
Texas,Jackson,14874
West Virginia,Jackson,28706
Wisconsin,Jackson,20478
Louisiana,Jackson,15902
Virginia,James,76397
Georgia,Jasper,14040
Illinois,Jasper,9611
Indiana,Jasper,33370
Iowa,Jasper,37147
Mississippi,Jasper,16428
Missouri,Jasper,120636
South Carolina,Jasper,28971
Texas,Jasper,35872
Indiana,Jay,20764
Georgia,Jeff Davis,15029
Texas,Jeff Davis,2252
Alabama,Jefferson,659300
Arkansas,Jefferson,68114
Colorado,Jefferson,580233
Florida,Jefferson,14288
Georgia,Jefferson,15430
Idaho,Jefferson,29439
Illinois,Jefferson,37820
Indiana,Jefferson,32208
Iowa,Jefferson,18381
Kansas,Jefferson,18975
Kentucky,Jefferson,770517
Mississippi,Jefferson,7106
Missouri,Jefferson,224347
Montana,Jefferson,12097
Nebraska,Jefferson,7097
New York,Jefferson,111755
Ohio,Jefferson,65767
Oklahoma,Jefferson,6123
Oregon,Jefferson,24192
Pennsylvania,Jefferson,43641
Tennessee,Jefferson,54012
Texas,Jefferson,255001
Washington,Jefferson,31729
West Virginia,Jefferson,56811
Wisconsin,Jefferson,85129
Mississippi,Jefferson Davis,11234
Louisiana,Jefferson Davis,31582
Louisiana,Jefferson,434051
Georgia,Jenkins,8683
Indiana,Jennings,27611
South Dakota,Jerauld,2043
Idaho,Jerome,24015
Illinois,Jersey,21847
Kentucky,Jessamine,53920
Kansas,Jewell,2841
Texas,Jim Hogg,5248
Texas,Jim Wells,40822
Illinois,Jo Daviess,21366
Arkansas,Johnson,26742
Georgia,Johnson,9708
Illinois,Johnson,12456
Indiana,Johnson,156225
Iowa,Johnson,151260
Kansas,Johnson,597555
Kentucky,Johnson,22386
Missouri,Johnson,53652
Nebraska,Johnson,5134
Tennessee,Johnson,17778
Texas,Johnson,171361
Wyoming,Johnson,8460
North Carolina,Johnston,202675
Oklahoma,Johnston,10949
Georgia,Jones,28616
Iowa,Jones,20744
Mississippi,Jones,68461
North Carolina,Jones,9637
South Dakota,Jones,928
Texas,Jones,19817
Oregon,Josephine,87393
Utah,Juab,11555
Montana,Judith Basin,1952
Alaska,Juneau and,32113
Wisconsin,Juneau,26617
Pennsylvania,Juniata,24704
Michigan,Kalamazoo,264870
Hawaii,Kalawao,88
Michigan,Kalkaska,17824
Minnesota,Kanabec,16207
West Virginia,Kanawha,180454
Minnesota,Kandiyohi,42855
Illinois,Kane,534216
Utah,Kane,7709
Illinois,Kankakee,110024
Texas,Karnes,15650
Hawaii,Kauai,72133
Texas,Kaufman,128622
Oklahoma,Kay,44161
Nebraska,Kearney,6544
Kansas,Kearny,3943
Nebraska,Keith,8021
Mississippi,Kemper,10027
Alaska,Kenai Peninsula,58533
Illinois,Kendall,127915
Texas,Kendall,45641
Texas,Kenedy,442
Maine,Kennebec,122083
Wisconsin,Kenosha,169290
Delaware,Kent,178550
Maryland,Kent,19383
Michigan,Kent,653786
Rhode Island,Kent,163861
Texas,Kent,726
Kentucky,Kenton,166051
Iowa,Keokuk,10225
California,Kern,896764
Texas,Kerr,52405
South Carolina,Kershaw,65592
Alaska,Ketchikan Gateway,13918
Wisconsin,Kewaunee,20383
Michigan,Keweenaw,2113
Nebraska,Keya Paha,810
North Dakota,Kidder,2450
Nebraska,Kimball,3618
Texas,Kimble,4362
Virginia,King and Queen,7042
Texas,King,277
Washington,King,2233163
Virginia,King George,26575
Virginia,King William,16939
Oklahoma,Kingfisher,15816
Kansas,Kingman,7310
California,Kings,151366
New York,Kings,2582830
South Dakota,Kingsbury,4919
Texas,Kinney,3767
Colorado,Kiowa,1383
Kansas,Kiowa,2516
Oklahoma,Kiowa,8729
Colorado,Kit Carson,7163
Washington,Kitsap,269805
Washington,Kittitas,47364
Minnesota,Kittson,4248
Oregon,Klamath,67653
Texas,Kleberg,31129
Washington,Klickitat,22107
Kentucky,Knott,15126
Illinois,Knox,50112
Indiana,Knox,36895
Kentucky,Knox,31304
Maine,Knox,39771
Missouri,Knox,3947
Nebraska,Knox,8419
Ohio,Knox,61893
Tennessee,Knox,465289
Texas,Knox,3653
Alaska,Kodiak Island,13345
Minnesota,Koochiching,12440
Idaho,Kootenai,161505
Indiana,Kosciusko,79344
Iowa,Kossuth,14908
Alaska,Kusilvak Census Area,8303
Wisconsin,La Crosse,118230
Arizona,La Paz,21098
Colorado,La Plata,56310
Texas,La Salle,7531
Kansas,Labette,19964
Minnesota,Lac qui Parle,6658
Pennsylvania,Lackawanna,210793
Missouri,Laclede,35713
Arkansas,Lafayette,6682
Florida,Lafayette,8732
Mississippi,Lafayette,54793
Missouri,Lafayette,32598
Wisconsin,Lafayette,16665
Louisiana,Lafayette,242782
Louisiana,Lafourche,98115
Indiana,LaGrange,39330
Alaska,Lake and Peninsula,1587
California,Lake,64382
Colorado,Lake,7824
Florida,Lake,356495
Illinois,Lake,700832
Indiana,Lake,484411
Michigan,Lake,11881
Minnesota,Lake,10658
Montana,Lake,30250
Ohio,Lake,230514
Oregon,Lake,7879
South Dakota,Lake,13057
Tennessee,Lake,7411
Minnesota,Lake of the Woods,3758
Alabama,Lamar,13844
Georgia,Lamar,19000
Mississippi,Lamar,62447
Texas,Lamar,49728
Texas,Lamb,13158
Vermont,Lamoille,25300
North Dakota,LaMoure,4062
Texas,Lampasas,21229
Nebraska,Lancaster,317272
Pennsylvania,Lancaster,543557
South Carolina,Lancaster,95380
Virginia,Lancaster,10783
Nevada,Lander,5575
Kansas,Lane,1560
Oregon,Lane,379611
Wisconsin,Langlade,19268
Georgia,Lanier,10340
Michigan,Lapeer,88028
Indiana,LaPorte,110007
Wyoming,Laramie,98976
Colorado,Larimer,350518
Kentucky,Larue,14307
Colorado,Las Animas,14503
Illinois,LaSalle,109430
Louisiana,LaSalle,14917
California,Lassen,30802
Idaho,Latah,40134
Oklahoma,Latimer,10231
Alabama,Lauderdale,92387
Mississippi,Lauderdale,75317
Tennessee,Lauderdale,25825
Kentucky,Laurel,60669
Georgia,Laurens,47325
South Carolina,Laurens,66994
Texas,Lavaca,20110
Alabama,Lawrence,32957
Arkansas,Lawrence,16434
Illinois,Lawrence,15765
Indiana,Lawrence,45668
Kentucky,Lawrence,15571
Mississippi,Lawrence,12455
Missouri,Lawrence,38359
Ohio,Lawrence,59866
Pennsylvania,Lawrence,86184
South Dakota,Lawrence,25741
Tennessee,Lawrence,43734
Oklahoma,Le Flore,49980
Minnesota,Le Sueur,28494
New Mexico,Lea,69611
Mississippi,Leake,22763
Kansas,Leavenworth,81352
Pennsylvania,Lebanon,141314
Alabama,Lee,163941
Arkansas,Lee,8985
Florida,Lee,754610
Georgia,Lee,29764
Illinois,Lee,34223
Iowa,Lee,34055
Kentucky,Lee,7033
Mississippi,Lee,85202
North Carolina,Lee,61452
South Carolina,Lee,17142
Texas,Lee,17144
Virginia,Lee,23541
Michigan,Leelanau,21764
Mississippi,Leflore,28919
Pennsylvania,Lehigh,368100
Idaho,Lemhi,7961
Michigan,Lenawee,98266
North Carolina,Lenoir,55976
Florida,Leon,292502
Texas,Leon,17270
Kentucky,Leslie,10143
Kentucky,Letcher,21899
Florida,Levy,40770
Montana,Lewis and Clark,68700
Idaho,Lewis,3861
Kentucky,Lewis,13257
Missouri,Lewis,9855
New York,Lewis,26447
Tennessee,Lewis,12086
Washington,Lewis,79604
West Virginia,Lewis,16024
Virginia,Lexington,7136
South Carolina,Lexington,295032
Florida,Liberty,8457
Georgia,Liberty,61497
Montana,Liberty,2430
Texas,Liberty,86323
Ohio,Licking,175769
Alabama,Limestone,96174
Texas,Limestone,23519
Arkansas,Lincoln,13383
Colorado,Lincoln,5610
Georgia,Lincoln,7915
Idaho,Lincoln,5360
Kansas,Lincoln,3023
Kentucky,Lincoln,24644
Maine,Lincoln,34342
Minnesota,Lincoln,5673
Mississippi,Lincoln,34205
Missouri,Lincoln,57686
Montana,Lincoln,19794
Nebraska,Lincoln,35185
Nevada,Lincoln,5201
New Mexico,Lincoln,19556
North Carolina,Lincoln,83770
Oklahoma,Lincoln,34920
Oregon,Lincoln,49388
South Dakota,Lincoln,58807
Tennessee,Lincoln,34117
Washington,Lincoln,10740
West Virginia,Lincoln,20599
Wisconsin,Lincoln,27689
Wyoming,Lincoln,19434
Louisiana,Lincoln,47196
Iowa,Linn,225909
Kansas,Linn,9750
Missouri,Linn,12037
Oregon,Linn,127335
Texas,Lipscomb,3355
Connecticut,Litchfield,181111
Arkansas,Little River,12326
Texas,Live Oak,12166
Illinois,Livingston,35761
Kentucky,Livingston,9242
Michigan,Livingston,191224
Missouri,Livingston,15146
New York,Livingston,63227
Louisiana,Livingston,139567
Texas,Llano,21646
Arkansas,Logan,21737
Colorado,Logan,21528
Illinois,Logan,28925
Kansas,Logan,2844
Kentucky,Logan,26989
Nebraska,Logan,749
North Dakota,Logan,1903
Ohio,Logan,45358
Oklahoma,Logan,47291
West Virginia,Logan,32607
Georgia,Long,18998
Arkansas,Lonoke,73657
Ohio,Lorain,309461
New Mexico,Los Alamos,19101
California,Los Angeles,10105518
Tennessee,Loudon,53054
Virginia,Loudoun,406850
Iowa,Louisa,11169
Virginia,Louisa,36778
Nebraska,Loup,618
Oklahoma,Love,10134
Texas,Loving,152
Alabama,Lowndes,9974
Georgia,Lowndes,116321
Mississippi,Lowndes,58930
Texas,Lubbock,307412
Iowa,Lucas,8645
Ohio,Lucas,429899
Michigan,Luce,6283
Georgia,Lumpkin,32955
New Mexico,Luna,23963
Virginia,Lunenburg,12086
Pennsylvania,Luzerne,317646
Pennsylvania,Lycoming,113664
South Dakota,Lyman,3821
Virginia,Lynchburg,82126
Texas,Lynn,5877
Iowa,Lyon,11811
Kansas,Lyon,33406
Kentucky,Lyon,8009
Minnesota,Lyon,25629
Nevada,Lyon,55808
Michigan,Mackinac,10787
Michigan,Macomb,874759
Alabama,Macon,18439
Georgia,Macon,13143
Illinois,Macon,104712
Missouri,Macon,15153
North Carolina,Macon,35285
Tennessee,Macon,24265
Illinois,Macoupin,45313
California,Madera,157672
Alabama,Madison,366519
Arkansas,Madison,16481
Florida,Madison,18529
Georgia,Madison,29650
Idaho,Madison,39304
Illinois,Madison,264461
Indiana,Madison,129641
Iowa,Madison,16249
Kentucky,Madison,92368
Mississippi,Madison,105630
Missouri,Madison,12188
Montana,Madison,8768
Nebraska,Madison,35392
New York,Madison,70795
North Carolina,Madison,21763
Ohio,Madison,44413
Tennessee,Madison,97605
Texas,Madison,14422
Virginia,Madison,13295
Louisiana,Madison,11161
Kentucky,Magoffin,12362
Iowa,Mahaska,22000
Minnesota,Mahnomen,5519
Ohio,Mahoning,229642
Oklahoma,Major,7644
Oregon,Malheur,30725
Virginia,Manassas,41641
Virginia,Manassas Park,17307
Florida,Manatee,394855
Michigan,Manistee,24528
Wisconsin,Manitowoc,79074
Wisconsin,Marathon,135428
Alabama,Marengo,19066
Arizona,Maricopa,4410824
Missouri,Maries,8769
California,Marin,259666
Wisconsin,Marinette,40434
Alabama,Marion,29763
Arkansas,Marion,16722
Florida,Marion,359977
Georgia,Marion,8351
Illinois,Marion,37620
Indiana,Marion,954670
Iowa,Marion,33407
Kansas,Marion,11950
Kentucky,Marion,19404
Mississippi,Marion,24715
Missouri,Marion,28592
Ohio,Marion,65256
Oregon,Marion,346868
South Carolina,Marion,31039
Tennessee,Marion,28575
Texas,Marion,9928
West Virginia,Marion,56097
California,Mariposa,17471
South Carolina,Marlboro,26398
Michigan,Marquette,66516
Wisconsin,Marquette,15434
Alabama,Marshall,96109
Illinois,Marshall,11534
Indiana,Marshall,46248
Iowa,Marshall,39981
Kansas,Marshall,9722
Kentucky,Marshall,31191
Minnesota,Marshall,9390
Mississippi,Marshall,35451
Oklahoma,Marshall,16806
South Dakota,Marshall,5112
Tennessee,Marshall,33683
West Virginia,Marshall,30785
Florida,Martin,160912
Indiana,Martin,10217
Kentucky,Martin,11323
Minnesota,Martin,19785
North Carolina,Martin,22671
Texas,Martin,5753
Virginia,Martinsville,12902
Illinois,Mason,13565
Kentucky,Mason,17150
Michigan,Mason,29100
Texas,Mason,4280
Washington,Mason,65507
West Virginia,Mason,26718
Illinois,Massac,14080
Texas,Matagorda,36552
Alaska,Matanuska-Susitna,107610
Virginia,Mathews,8802
Hawaii,Maui,167207
Tennessee,Maury,94340
Texas,Maverick,58485
Oklahoma,Mayes,41107
Oklahoma,McClain,39985
Montana,McCone,1675
South Dakota,McCook,5546
South Carolina,McCormick,9410
Kentucky,McCracken,65346
Kentucky,McCreary,17408
Texas,McCulloch,7987
Oklahoma,McCurtain,32703
Missouri,McDonald,23078
Illinois,McDonough,29955
North Carolina,McDowell,45507
West Virginia,McDowell,18223
Georgia,McDuffie,21531
Illinois,McHenry,308570
North Dakota,McHenry,5816
Georgia,McIntosh,14340
North Dakota,McIntosh,2585
Oklahoma,McIntosh,19815
Pennsylvania,McKean,40968
North Dakota,McKenzie,13632
New Mexico,McKinley,72290
Illinois,McLean,172828
Kentucky,McLean,9252
North Dakota,McLean,9541
Texas,McLennan,254607
Minnesota,McLeod,35873
Tennessee,McMinn,53285
Texas,McMullen,749
Tennessee,McNairy,25832
Kansas,McPherson,28537
Nebraska,McPherson,492
South Dakota,McPherson,2407
Kansas,Meade,4146
Kentucky,Meade,28715
South Dakota,Meade,28294
Montana,Meagher,1866
North Carolina,Mecklenburg,1093901
Virginia,Mecklenburg,30650
Michigan,Mecosta,43545
Ohio,Medina,179146
Texas,Medina,50921
Minnesota,Meeker,23141
Ohio,Meigs,23106
Tennessee,Meigs,12306
South Dakota,Mellette,2042
Illinois,Menard,12288
Texas,Menard,2139
California,Mendocino,87606
Kentucky,Menifee,6451
Michigan,Menominee,22983
Wisconsin,Menominee,4658
California,Merced,274765
Illinois,Mercer,15601
Kentucky,Mercer,21774
Missouri,Mercer,3641
New Jersey,Mercer,369811
North Dakota,Mercer,8267
Ohio,Mercer,40959
Pennsylvania,Mercer,110683
West Virginia,Mercer,59131
Georgia,Meriwether,21068
Nebraska,Merrick,7733
New Hampshire,Merrimack,151132
Colorado,Mesa,153207
Kentucky,Metcalfe,10030
Indiana,Miami,35567
Kansas,Miami,33680
Ohio,Miami,106222
Florida,Miami-Dade,2761581
Connecticut,Middlesex,162682
Massachusetts,Middlesex,1614714
New Jersey,Middlesex,829685
Virginia,Middlesex,10769
Michigan,Midland,83209
Texas,Midland,172578
Pennsylvania,Mifflin,46222
Texas,Milam,25131
Utah,Millard,13006
Minnesota,Mille Lacs,26139
Arkansas,Miller,43592
Georgia,Miller,5686
Missouri,Miller,25336
Iowa,Mills,15063
Texas,Mills,4921
Wisconsin,Milwaukee,948201
South Dakota,Miner,2213
Colorado,Mineral,776
Montana,Mineral,4316
Nevada,Mineral,4514
West Virginia,Mineral,26940
West Virginia,Mingo,23785
Idaho,Minidoka,20825
South Dakota,Minnehaha,192876
Michigan,Missaukee,15113
Arkansas,Mississippi,41239
Missouri,Mississippi,13336
Montana,Missoula,118791
Georgia,Mitchell,22192
Iowa,Mitchell,10569
Kansas,Mitchell,6150
North Carolina,Mitchell,15000
Texas,Mitchell,8145
Alabama,Mobile,413757
California,Modoc,8777
Colorado,Moffat,13188
Arizona,Mohave,209550
Missouri,Moniteau,16121
New Jersey,Monmouth,621354
California,Mono,14250
Iowa,Monona,8679
West Virginia,Monongalia,106420
Alabama,Monroe,21067
Arkansas,Monroe,6900
Florida,Monroe,75027
Georgia,Monroe,27520
Illinois,Monroe,34335
Indiana,Monroe,146917
Iowa,Monroe,7790
Kentucky,Monroe,10718
Michigan,Monroe,150439
Mississippi,Monroe,35564
Missouri,Monroe,8664
New York,Monroe,742474
Ohio,Monroe,13790
Pennsylvania,Monroe,169507
Tennessee,Monroe,46357
West Virginia,Monroe,13280
Wisconsin,Monroe,46051
Texas,Montague,19596
Michigan,Montcalm,63968
California,Monterey,435594
Colorado,Montezuma,26158
Alabama,Montgomery,225763
Arkansas,Montgomery,8924
Georgia,Montgomery,9193
Illinois,Montgomery,28601
Indiana,Montgomery,38346
Iowa,Montgomery,10003
Kansas,Montgomery,32120
Kentucky,Montgomery,28203
Maryland,Montgomery,1052567
Mississippi,Montgomery,10023
Missouri,Montgomery,11534
New York,Montgomery,49455
North Carolina,Montgomery,27271
Ohio,Montgomery,532331
Pennsylvania,Montgomery,828604
Tennessee,Montgomery,205950
Texas,Montgomery,590925
Virginia,Montgomery,98985
Michigan,Montmorency,9265
Pennsylvania,Montour,18240
Colorado,Montrose,42214
South Dakota,Moody,6579
North Carolina,Moore,98682
Tennessee,Moore,6411
Texas,Moore,21485
New Mexico,Mora,4506
Louisiana,Morehouse,25398
Alabama,Morgan,119089
Colorado,Morgan,28558
Georgia,Morgan,18853
Illinois,Morgan,33976
Indiana,Morgan,70116
Kentucky,Morgan,13345
Missouri,Morgan,20358
Ohio,Morgan,14604
Tennessee,Morgan,21579
Utah,Morgan,12045
West Virginia,Morgan,17787
Nebraska,Morrill,4686
Kansas,Morris,5521
New Jersey,Morris,494228
Texas,Morris,12339
Minnesota,Morrison,33169
Ohio,Morrow,35112
Oregon,Morrow,11372
Kansas,Morton,2667
North Dakota,Morton,31095
Texas,Motley,1234
Illinois,Moultrie,14717
North Dakota,Mountrail,10218
Minnesota,Mower,40011
Kentucky,Muhlenberg,30774
Oregon,Multnomah,811880
Georgia,Murray,39921
Minnesota,Murray,8276
Oklahoma,Murray,13953
Iowa,Muscatine,42929
Georgia,Muscogee,194160
Michigan,Muskegon,173588
Ohio,Muskingum,86183
Oklahoma,Muskogee,68362
Montana,Musselshell,4651
Texas,Nacogdoches,65711
Nebraska,Nance,3532
Massachusetts,Nantucket,11327
California,Napa,139417
North Carolina,Nash,94016
Florida,Nassau,85832
New York,Nassau,1358343
Louisiana,Natchitoches,38659
Wyoming,Natrona,79115
Arizona,Navajo,110445
Texas,Navarro,49565
Kentucky,Nelson,45851
North Dakota,Nelson,2869
Virginia,Nelson,14836
Kansas,Nemaha,10155
Nebraska,Nemaha,6958
Kansas,Neosho,15951
Mississippi,Neshoba,29125
Kansas,Ness,2840
Arkansas,Nevada,8326
California,Nevada,99696
Delaware,New Castle,559335
North Carolina,New Hanover,232274
Connecticut,New Haven,857620
Virginia,New Kent,22391
Connecticut,New London,266784
Missouri,New Madrid,17296
New York,New York,1628701
Michigan,Newaygo,48892
South Carolina,Newberry,38520
Rhode Island,Newport,82542
Virginia,Newport News,178626
Arkansas,Newton,7805
Georgia,Newton,109541
Indiana,Newton,14011
Mississippi,Newton,21443
Missouri,Newton,58266
Texas,Newton,13746
Idaho,Nez Perce,40408
New York,Niagara,210433
Kentucky,Nicholas,7166
West Virginia,Nicholas,24842
Minnesota,Nicollet,34220
Wyoming,Niobrara,2388
Indiana,Noble,47532
Ohio,Noble,14354
Oklahoma,Noble,11289
Minnesota,Nobles,21924
Missouri,Nodaway,22304
Texas,Nolan,14751
Alaska,Nome Census Area,10008
Virginia,Norfolk,244076
Massachusetts,Norfolk,705388
Minnesota,Norman,6475
Alaska,North Slope,9872
North Carolina,Northampton,19676
Pennsylvania,Northampton,304807
Virginia,Northampton,11735
Pennsylvania,Northumberland,91083
Virginia,Northumberland,12147
Alaska,Northwest Arctic,7671
Virginia,Norton,3968
Kansas,Norton,5430
Virginia,Nottoway,15420
Oklahoma,Nowata,10218
Mississippi,Noxubee,10535
Nebraska,Nuckolls,4195
Texas,Nueces,362265
Nevada,Nye,45346
Iowa,O'Brien,13840
Michigan,Oakland,1259201
Tennessee,Obion,30267
New Jersey,Ocean,601651
Michigan,Oceana,26625
Texas,Ochiltree,9947
Georgia,Oconee,39272
South Carolina,Oconee,78374
Wisconsin,Oconto,37830
Michigan,Ogemaw,20952
South Dakota,Oglala Lakota,14309
Illinois,Ogle,50923
Georgia,Oglethorpe,15054
Indiana,Ohio,5844
Kentucky,Ohio,24087
West Virginia,Ohio,41755
Florida,Okaloosa,207269
Washington,Okanogan,42132
Florida,Okeechobee,41537
Oklahoma,Okfuskee,12098
Oklahoma,Oklahoma,792582
Oklahoma,Okmulgee,38335
Mississippi,Oktibbeha,49599
Kentucky,Oldham,66470
Texas,Oldham,2131
North Dakota,Oliver,1952
Minnesota,Olmsted,156277
Idaho,Oneida,4488
New York,Oneida,229577
Wisconsin,Oneida,35470
New York,Onondaga,461809
North Carolina,Onslow,197683
New York,Ontario,109864
Michigan,Ontonagon,5795
California,Orange,3185968
Florida,Orange,1380645
Indiana,Orange,19489
New York,Orange,381951
North Carolina,Orange,146027
Texas,Orange,83572
Vermont,Orange,28999
Virginia,Orange,36644
South Carolina,Orangeburg,86934
Missouri,Oregon,10541
New York,Orleans,40612
Vermont,Orleans,26907
Louisiana,Orleans,391006
Kansas,Osage,15941
Missouri,Osage,13714
Oklahoma,Osage,47014
Kansas,Osborne,3475
Florida,Osceola,367990
Iowa,Osceola,6040
Michigan,Osceola,23341
Michigan,Oscoda,8276
New York,Oswego,117898
Colorado,Otero,18432
New Mexico,Otero,66781
Nebraska,Otoe,15985
Michigan,Otsego,24665
New York,Otsego,59749
Kansas,Ottawa,5802
Michigan,Ottawa,290494
Ohio,Ottawa,40769
Oklahoma,Ottawa,31175
Minnesota,Otter Tail,58812
Arkansas,Ouachita,23606
Louisiana,Ouachita,154475
Colorado,Ouray,4833
Wisconsin,Outagamie,187365
Tennessee,Overton,22068
Indiana,Owen,20845
Kentucky,Owen,10880
Kentucky,Owsley,4472
Idaho,Owyhee,11693
Maine,Oxford,57618
Missouri,Ozark,9017
Wisconsin,Ozaukee,89147
Washington,Pacific,22036
Iowa,Page,15249
Virginia,Page,23933
Florida,Palm Beach,1485941
Iowa,Palo Alto,8929
Texas,Palo Pinto,28875
North Carolina,Pamlico,12670
Mississippi,Panola,34178
Texas,Panola,23148
Colorado,Park,18556
Montana,Park,16736
Wyoming,Park,29324
Indiana,Parke,16927
Texas,Parker,138371
Texas,Parmer,9864
Florida,Pasco,539630
North Carolina,Pasquotank,39639
New Jersey,Passaic,503310
Virginia,Patrick,17673
Georgia,Paulding,164044
Ohio,Paulding,18760
Kansas,Pawnee,6562
Nebraska,Pawnee,2632
Oklahoma,Pawnee,16390
Idaho,Payette,23551
Oklahoma,Payne,82040
Georgia,Peach,27297
Mississippi,Pearl River,55387
Texas,Pecos,15673
North Dakota,Pembina,6947
Missouri,Pemiscot,16272
Washington,Pend Oreille,13602
North Carolina,Pender,62162
Kentucky,Pendleton,14529
West Virginia,Pendleton,6997
Minnesota,Pennington,14178
South Dakota,Pennington,111729
Maine,Penobscot,151096
Illinois,Peoria,180621
Wisconsin,Pepin,7289
Nebraska,Perkins,2929
South Dakota,Perkins,2922
North Carolina,Perquimans,13422
Alabama,Perry,9140
Arkansas,Perry,10352
Illinois,Perry,21174
Indiana,Perry,19102
Kentucky,Perry,26092
Mississippi,Perry,11931
Missouri,Perry,19150
Ohio,Perry,36033
Pennsylvania,Perry,46139
Tennessee,Perry,8064
Nevada,Pershing,6666
North Carolina,Person,39507
Alaska,Petersburg,3221
Virginia,Petersburg,31567
Montana,Petroleum,513
Missouri,Pettis,42542
Missouri,Phelps,44732
Nebraska,Phelps,8996
Pennsylvania,Philadelphia,1584138
Arkansas,Phillips,18029
Colorado,Phillips,4286
Kansas,Phillips,5317
Montana,Phillips,4074
Illinois,Piatt,16396
Ohio,Pickaway,58086
Alabama,Pickens,19938
Georgia,Pickens,31980
South Carolina,Pickens,124937
Tennessee,Pickett,5082
Georgia,Pierce,19389
Nebraska,Pierce,7142
North Dakota,Pierce,4081
Washington,Pierce,891299
Wisconsin,Pierce,42555
Alabama,Pike,33338
Arkansas,Pike,10673
Georgia,Pike,18634
Illinois,Pike,15611
Indiana,Pike,12410
Kentucky,Pike,58402
Mississippi,Pike,39563
Missouri,Pike,18504
Ohio,Pike,28067
Pennsylvania,Pike,55933
Arizona,Pima,1039073
Arizona,Pinal,447138
Minnesota,Pine,29483
Florida,Pinellas,975280
Minnesota,Pipestone,9047
Maine,Piscataquis,16800
Colorado,Pitkin,17950
North Carolina,Pitt,179914
Oklahoma,Pittsburg,43877
Virginia,Pittsylvania,60949
Utah,Piute,1445
California,Placer,393149
Louisiana,Plaquemines,23410
Missouri,Platte,102985
Nebraska,Platte,33363
Wyoming,Platte,8566
West Virginia,Pleasants,7507
California,Plumas,18804
Iowa,Plymouth,25095
Massachusetts,Plymouth,518132
Iowa,Pocahontas,6740
West Virginia,Pocahontas,8414
Arkansas,Poinsett,23974
Louisiana,Pointe Coupee,21940
Arkansas,Polk,20049
Florida,Polk,708009
Georgia,Polk,42470
Iowa,Polk,487204
Minnesota,Polk,31529
Missouri,Polk,32201
Nebraska,Polk,5278
North Carolina,Polk,20611
Oregon,Polk,85234
Tennessee,Polk,16898
Texas,Polk,50031
Wisconsin,Polk,43598
Montana,Pondera,5972
Mississippi,Pontotoc,31833
Oklahoma,Pontotoc,38247
Arkansas,Pope,64000
Illinois,Pope,4212
Minnesota,Pope,11097
Virginia,Poquoson,12190
Ohio,Portage,162927
Wisconsin,Portage,70942
Indiana,Porter,169594
Virginia,Portsmouth,94632
Indiana,Posey,25540
Kansas,Pottawatomie,24277
Oklahoma,Pottawatomie,72679
Iowa,Pottawattamie,93533
Pennsylvania,Potter,16622
South Dakota,Potter,2207
Texas,Potter,119648
Montana,Powder River,1716
Kentucky,Powell,12442
Montana,Powell,6968
Idaho,Power,7768
Iowa,Poweshiek,18699
Virginia,Powhatan,29189
Arkansas,Prairie,8074
Montana,Prairie,1087
Kansas,Pratt,9378
Ohio,Preble,40997
Mississippi,Prentiss,25315
Texas,Presidio,6948
Michigan,Presque Isle,12738
West Virginia,Preston,33839
Wisconsin,Price,13397
Virginia,Prince Edward,22950
Virginia,Prince George,38082
Maryland,Prince George's,909308
Alaska,Prince of Wales-Hyder Census Area,6422
Virginia,Prince William,468011
Rhode Island,Providence,636084
Colorado,Prowers,12164
Colorado,Pueblo,167529
Arkansas,Pulaski,392680
Georgia,Pulaski,11069
Illinois,Pulaski,5463
Indiana,Pulaski,12469
Kentucky,Pulaski,64623
Missouri,Pulaski,52014
Virginia,Pulaski,34066
Oklahoma,Pushmataha,11179
Florida,Putnam,74163
Georgia,Putnam,21809
Illinois,Putnam,5740
Indiana,Putnam,37779
Missouri,Putnam,4757
New York,Putnam,98892
Ohio,Putnam,33780
Tennessee,Putnam,78843
West Virginia,Putnam,56682
New Mexico,Quay,8253
Maryland,Queen Anne's,50251
New York,Queens,2278906
Georgia,Quitman,2279
Mississippi,Quitman,7051
Georgia,Rabun,16867
Wisconsin,Racine,196584
Virginia,Radford,18339
Texas,Rains,12159
West Virginia,Raleigh,74254
Missouri,Ralls,10212
Minnesota,Ramsey,550210
North Dakota,Ramsey,11481
Texas,Randall,136271
Alabama,Randolph,22725
Arkansas,Randolph,17948
Georgia,Randolph,6833
Illinois,Randolph,32106
Indiana,Randolph,24851
Missouri,Randolph,24763
North Carolina,Randolph,143351
West Virginia,Randolph,28823
Mississippi,Rankin,153902
North Dakota,Ransom,5237
Louisiana,Rapides,130562
Virginia,Rappahannock,7252
Montana,Ravalli,43172
Kansas,Rawlins,2508
Missouri,Ray,22883
Texas,Reagan,3741
Texas,Real,3478
Minnesota,Red Lake,3999
Texas,Red River,12175
Louisiana,Red River,8477
Nebraska,Red Willow,10726
Minnesota,Redwood,15249
Texas,Reeves,15695
Texas,Refugio,7032
Kansas,Reno,62342
New York,Rensselaer,159442
Minnesota,Renville,14612
North Dakota,Renville,2374
Kansas,Republic,4664
Missouri,Reynolds,6254
Tennessee,Rhea,33044
Kansas,Rice,9531
Minnesota,Rice,66523
Utah,Rich,2464
Nebraska,Richardson,7937
Illinois,Richland,15763
Montana,Richland,10913
North Dakota,Richland,16239
Ohio,Richland,121099
South Carolina,Richland,414576
Wisconsin,Richland,17377
Louisiana,Richland,20192
Virginia,Richmond,228783
Georgia,Richmond,201554
New York,Richmond,476179
North Carolina,Richmond,44887
Virginia,Richmond,9038
Kansas,Riley,73703
Iowa,Ringgold,4968
New Mexico,Rio Arriba,39006
Colorado,Rio Blanco,6336
Colorado,Rio Grande,11250
Indiana,Ripley,28523
Missouri,Ripley,13401
West Virginia,Ritchie,9721
California,Riverside,2450758
Tennessee,Roane,53140
West Virginia,Roane,13932
Virginia,Roanoke,99920
Virginia,Roanoke,94073
South Dakota,Roberts,10447
Texas,Roberts,903
Kentucky,Robertson,2135
Tennessee,Robertson,71012
Texas,Robertson,17284
North Carolina,Robeson,131831
Minnesota,Rock,9414
Nebraska,Rock,1360
Wisconsin,Rock,163129
Illinois,Rock Island,143477
Virginia,Rockbridge,22752
Kentucky,Rockcastle,16750
Georgia,Rockdale,90594
New Hampshire,Rockingham,309176
North Carolina,Rockingham,90690
Virginia,Rockingham,81244
New York,Rockland,325695
Texas,Rockwall,100657
Oklahoma,Roger Mills,3656
Oklahoma,Rogers,91984
North Dakota,Rolette,14301
Kansas,Rooks,5013
Montana,Roosevelt,11059
New Mexico,Roosevelt,18743
Michigan,Roscommon,23884
Minnesota,Roseau,15150
Montana,Rosebud,9063
Ohio,Ross,76931
Colorado,Routt,25733
Kentucky,Rowan,24583
North Carolina,Rowan,141262
Texas,Runnels,10234
Indiana,Rush,16663
Kansas,Rush,3093
Texas,Rusk,54450
Wisconsin,Rusk,14147
Alabama,Russell,57781
Kansas,Russell,6907
Kentucky,Russell,17821
Virginia,Russell,26748
North Carolina,Rutherford,66826
Tennessee,Rutherford,324890
Vermont,Rutland,58672
Texas,Sabine,10589
Louisiana,Sabine,24032
Iowa,Sac,9719
California,Sacramento,1540975
Maine,Sagadahoc,35634
Michigan,Saginaw,190800
Colorado,Saguache,6843
Virginia,Salem,25643
New Jersey,Salem,62607
Arkansas,Saline,121421
Illinois,Saline,23906
Kansas,Saline,54401
Missouri,Saline,22895
Nebraska,Saline,14350
Utah,Salt Lake,1152633
South Carolina,Saluda,20544
North Carolina,Sampson,63626
Texas,San Augustine,8232
California,San Benito,61537
California,San Bernardino,2171603
California,San Diego,3343364
California,San Francisco,883305
Texas,San Jacinto,28719
California,San Joaquin,752660
Colorado,San Juan,762
New Mexico,San Juan,125043
Utah,San Juan,15449
Washington,San Juan,17128
California,San Luis Obispo,284010
California,San Mateo,769545
Colorado,San Miguel,8191
New Mexico,San Miguel,27591
Texas,San Patricio,66893
Texas,San Saba,6054
South Dakota,Sanborn,2429
Montana,Sanders,11844
New Mexico,Sandoval,145179
Ohio,Sandusky,58799
Illinois,Sangamon,195348
Michigan,Sanilac,41182
Utah,Sanpete,30623
California,Santa Barbara,446527
California,Santa Clara,1937570
Arizona,Santa Cruz,46511
California,Santa Cruz,274255
New Mexico,Santa Fe,150056
Florida,Santa Rosa,179349
Florida,Sarasota,426718
New York,Saratoga,230163
North Dakota,Sargent,3870
Nebraska,Sarpy,184459
Wisconsin,Sauk,64249
Nebraska,Saunders,21303
Wisconsin,Sawyer,16489
New York,Schenectady,155350
Texas,Schleicher,2895
Georgia,Schley,5236
New York,Schoharie,31097
Michigan,Schoolcraft,8068
Illinois,Schuyler,6907
Missouri,Schuyler,4599
New York,Schuyler,17912
Pennsylvania,Schuylkill,142067
Ohio,Scioto,75502
Missouri,Scotland,4966
North Carolina,Scotland,34810
Arkansas,Scott,10319
Illinois,Scott,4926
Indiana,Scott,23878
Iowa,Scott,173283
Kansas,Scott,4897
Kentucky,Scott,56031
Minnesota,Scott,147381
Mississippi,Scott,28287
Missouri,Scott,38458
Tennessee,Scott,22039
Virginia,Scott,21534
Nebraska,Scotts Bluff,35989
Georgia,Screven,13938
Texas,Scurry,16866
Arkansas,Searcy,7958
Arkansas,Sebastian,127753
Colorado,Sedgwick,2303
Kansas,Sedgwick,513607
Florida,Seminole,467832
Georgia,Seminole,8315
Oklahoma,Seminole,24578
New York,Seneca,34300
Ohio,Seneca,55207
Tennessee,Sequatchie,14876
Oklahoma,Sequoyah,41179
Arkansas,Sevier,17139
Tennessee,Sevier,97892
Utah,Sevier,21539
Kansas,Seward,21780
Nebraska,Seward,17318
Texas,Shackelford,3253
Missouri,Shannon,8189
Mississippi,Sharkey,4377
Arkansas,Sharp,17366
California,Shasta,180040
Wisconsin,Shawano,40796
Kansas,Shawnee,177499
Wisconsin,Sheboygan,115456
Alabama,Shelby,215707
Illinois,Shelby,21741
Indiana,Shelby,44593
Iowa,Shelby,11578
Kentucky,Shelby,48518
Missouri,Shelby,6050
Ohio,Shelby,48627
Tennessee,Shelby,935764
Texas,Shelby,25418
Virginia,Shenandoah,43497
Minnesota,Sherburne,96036
Kansas,Sheridan,2533
Montana,Sheridan,3424
Nebraska,Sheridan,5190
North Dakota,Sheridan,1349
Wyoming,Sheridan,30233
Kansas,Sherman,5899
Nebraska,Sherman,3038
Oregon,Sherman,1708
Texas,Sherman,3079
Michigan,Shiawassee,68192
Idaho,Shoshone,12796
Minnesota,Sibley,15028
California,Sierra,2987
New Mexico,Sierra,10968
Montana,Silver Bow,34993
Kentucky,Simpson,18529
Mississippi,Simpson,26758
Iowa,Sioux,34909
Nebraska,Sioux,1187
North Dakota,Sioux,4358
California,Siskiyou,43724
Alaska,Sitka and,8647
Washington,Skagit,128206
Alaska,Skagwaypality,1148
Washington,Skamania,11924
North Dakota,Slope,763
Kansas,Smith,3603
Mississippi,Smith,16002
Tennessee,Smith,19942
Texas,Smith,230221
Virginia,Smyth,30472
Washington,Snohomish,814901
Pennsylvania,Snyder,40540
New Mexico,Socorro,16735
California,Solano,446610
Maine,Somerset,50592
Maryland,Somerset,25675
New Jersey,Somerset,331164
Pennsylvania,Somerset,73952
Texas,Somervell,9016
California,Sonoma,499942
Virginia,Southampton,17586
Alaska,Southeast Fairbanks Census Area,6918
Georgia,Spalding,66100
South Carolina,Spartanburg,313888
Indiana,Spencer,20327
Kentucky,Spencer,18794
South Dakota,Spink,6495
Washington,Spokane,514631
Virginia,Spotsylvania,134238
Louisiana,St. Bernard,46721
Missouri,St. Charles,399182
Louisiana,St. Charles,52879
Alabama,St. Clair,88690
Illinois,St. Clair,261059
Michigan,St. Clair,159337
Missouri,St. Clair,9395
Wisconsin,St. Croix,89694
Arkansas,St. Francis,25439
Missouri,St. Francois,66692
Louisiana,St. Helena,10262
Louisiana,St. James,21037
Louisiana,St. John the Baptist,43184
Florida,St. Johns,254261
Indiana,St. Joseph,270771
Michigan,St. Joseph,61043
Louisiana,St. Landry,82764
New York,St. Lawrence,108047
Missouri,St. Louis,302838
Minnesota,St. Louis,199754
Missouri,St. Louis,996945
Florida,St. Lucie,321128
Louisiana,St. Martin,53621
Louisiana,St. Mary,49774
Maryland,St. Mary's,112664
Louisiana,St. Tammany,258111
Kansas,Stafford,4178
Virginia,Stafford,149960
California,Stanislaus,549815
South Dakota,Stanley,3022
North Carolina,Stanly,62075
Kansas,Stanton,1987
Nebraska,Stanton,5970
Illinois,Stark,5427
North Dakota,Stark,30997
Ohio,Stark,371574
Indiana,Starke,22935
Texas,Starr,64525
Virginia,Staunton,24922
Missouri,Ste. Genevieve,17888
Minnesota,Stearns,159256
Minnesota,Steele,36803
North Dakota,Steele,1903
Georgia,Stephens,26035
Oklahoma,Stephens,43265
Texas,Stephens,9433
Illinois,Stephenson,44753
Texas,Sterling,1311
Indiana,Steuben,34586
New York,Steuben,95796
Kansas,Stevens,5559
Minnesota,Stevens,9753
Washington,Stevens,45260
Georgia,Stewart,6199
Tennessee,Stewart,13561
Montana,Stillwater,9534
Missouri,Stoddard,29206
North Carolina,Stokes,45467
Arkansas,Stone,12457
Mississippi,Stone,18717
Missouri,Stone,31749
Texas,Stonewall,1362
Nevada,Storey,4029
Iowa,Story,98105
New Hampshire,Strafford,130090
North Dakota,Stutsman,20917
Wyoming,Sublette,9813
Virginia,Suffolk,91185
Massachusetts,Suffolk,807252
New York,Suffolk,1481093
Indiana,Sullivan,20690
Missouri,Sullivan,6221
New Hampshire,Sullivan,43144
New York,Sullivan,75498
Pennsylvania,Sullivan,6071
Tennessee,Sullivan,157668
South Dakota,Sully,1392
West Virginia,Summers,12760
Colorado,Summit,31007
Ohio,Summit,541918
Utah,Summit,41933
Kansas,Sumner,22996
Tennessee,Sumner,187149
Alabama,Sumter,12691
Florida,Sumter,128754
Georgia,Sumter,29733
South Carolina,Sumter,106512
Mississippi,Sunflower,25735
North Carolina,Surry,71948
Virginia,Surry,6474
Pennsylvania,Susquehanna,40589
Delaware,Sussex,229286
New Jersey,Sussex,140799
Virginia,Sussex,11237
California,Sutter,96807
Texas,Sutton,3758
Florida,Suwannee,44191
North Carolina,Swain,14245
Montana,Sweet Grass,3710
Wyoming,Sweetwater,43051
Minnesota,Swift,9345
Texas,Swisher,7462
Indiana,Switzerland,10717
Georgia,Talbot,6272
Maryland,Talbot,36968
Georgia,Taliaferro,1608
Alabama,Talladega,79828
Mississippi,Tallahatchie,13987
Alabama,Tallapoosa,40497
Iowa,Tama,16904
Missouri,Taney,55852
Louisiana,Tangipahoa,133777
New Mexico,Taos,32835
Texas,Tarrant,2084931
Mississippi,Tate,28759
Georgia,Tattnall,25391
Florida,Taylor,21623
Georgia,Taylor,8039
Iowa,Taylor,6191
Kentucky,Taylor,25549
Texas,Taylor,137640
West Virginia,Taylor,16862
Wisconsin,Taylor,20412
Illinois,Tazewell,132328
Virginia,Tazewell,40855
California,Tehama,63916
Georgia,Telfair,15876
Colorado,Teller,25083
Louisiana,Tensas,4462
Louisiana,Terrebonne,111021
Georgia,Terrell,8611
Texas,Terrell,823
Texas,Terry,12287
Idaho,Teton,11640
Montana,Teton,6162
Wyoming,Teton,23081
Missouri,Texas,25571
Oklahoma,Texas,20455
Nebraska,Thayer,5039
Georgia,Thomas,44448
Kansas,Thomas,7711
Nebraska,Thomas,720
Texas,Throckmorton,1515
Nebraska,Thurston,7303
Washington,Thurston,286419
Georgia,Tift,40571
Oregon,Tillamook,26787
Oklahoma,Tillman,7348
New York,Tioga,48560
Pennsylvania,Tioga,40763
Mississippi,Tippah,21995
Indiana,Tippecanoe,193048
Indiana,Tipton,15128
Tennessee,Tipton,61581
Mississippi,Tishomingo,19454
Texas,Titus,33033
Kentucky,Todd,12311
Minnesota,Todd,24582
South Dakota,Todd,10283
Connecticut,Tolland,150921
Texas,Tom Green,118189
New York,Tompkins,102793
Utah,Tooele,69907
Montana,Toole,4853
Georgia,Toombs,26887
New Mexico,Torrance,15591
North Dakota,Towner,2192
Georgia,Towns,11852
North Dakota,Traill,8037
North Carolina,Transylvania,34215
Minnesota,Traverse,3308
Texas,Travis,1248743
Montana,Treasure,679
Kansas,Trego,2793
Wisconsin,Trempealeau,29442
Georgia,Treutlen,6809
Kentucky,Trigg,14643
Kentucky,Trimble,8515
California,Trinity,12535
Texas,Trinity,14740
South Dakota,Tripp,5478
Georgia,Troup,70034
Tennessee,Trousdale,11012
Ohio,Trumbull,198627
West Virginia,Tucker,6955
California,Tulare,465861
Oklahoma,Tulsa,648360
Mississippi,Tunica,9944
California,Tuolumne,54539
Georgia,Turner,7912
South Dakota,Turner,8424
Alabama,Tuscaloosa,208911
Ohio,Tuscarawas,92176
Michigan,Tuscola,52516
Georgia,Twiggs,8188
Idaho,Twin Falls,86081
Texas,Tyler,21696
West Virginia,Tyler,8746
North Carolina,Tyrrell,4131
Wyoming,Uinta,20299
Utah,Uintah,35438
New York,Ulster,178599
Oregon,Umatilla,77516
Tennessee,Unicoi,17761
Arkansas,Union,39126
Florida,Union,14940
Georgia,Union,24001
Illinois,Union,16841
Indiana,Union,7037
Iowa,Union,12359
Kentucky,Union,14505
Mississippi,Union,28606
New Jersey,Union,558067
New Mexico,Union,4118
North Carolina,Union,235908
Ohio,Union,57835
Oregon,Union,26461
Pennsylvania,Union,44785
South Carolina,Union,27410
South Dakota,Union,15619
Tennessee,Union,19688
Louisiana,Union,22330
Texas,Upshur,41260
West Virginia,Upshur,24415
Georgia,Upson,26215
Texas,Upton,3671
Utah,Utah,622213
Texas,Uvalde,26846
Texas,Val Verde,49208
Alaska,Valdez-Cordova Census Area,9164
New Mexico,Valencia,76456
Idaho,Valley,11041
Montana,Valley,7437
Nebraska,Valley,4190
Arkansas,Van Buren,16603
Iowa,Van Buren,7020
Michigan,Van Buren,75448
Tennessee,Van Buren,5765
Ohio,Van Wert,28281
Texas,Van Zandt,56019
North Carolina,Vance,44582
Indiana,Vanderburgh,180974
Pennsylvania,Venango,51266
California,Ventura,850967
Illinois,Vermilion,76806
Louisiana,Vermilion,59830
Indiana,Vermillion,15479
Missouri,Vernon,20528
Wisconsin,Vernon,30785
Louisiana,Vernon,48860
Texas,Victoria,92035
Indiana,Vigo,107386
Wisconsin,Vilas,21938
Ohio,Vinton,13139
Virginia,Virginia Beach,450189
Florida,Volusia,547538
Illinois,Wabash,11549
Indiana,Wabash,31280
Minnesota,Wabasha,21645
Kansas,Wabaunsee,6899
Minnesota,Wadena,13773
Oklahoma,Wagoner,80110
Washington,Wahkiakum,4426
North Carolina,Wake,1092305
Florida,Wakulla,32461
Maine,Waldo,39694
Alabama,Walker,63711
Georgia,Walker,69410
Texas,Walker,72480
Washington,Walla Walla,60922
Kansas,Wallace,1503
Texas,Waller,53126
Oregon,Wallowa,7081
North Dakota,Walsh,10667
Mississippi,Walthall,14465
Florida,Walton,71375
Georgia,Walton,93503
South Dakota,Walworth,5587
Wisconsin,Walworth,103718
Iowa,Wapello,35205
North Dakota,Ward,67744
Texas,Ward,11720
Georgia,Ware,35680
Georgia,Warren,5251
Illinois,Warren,17032
Indiana,Warren,8263
Iowa,Warren,51056
Kentucky,Warren,131264
Mississippi,Warren,46176
Missouri,Warren,34711
New Jersey,Warren,105779
New York,Warren,64265
North Carolina,Warren,19807
Ohio,Warren,232173
Pennsylvania,Warren,39498
Tennessee,Warren,40878
Virginia,Warren,40003
Indiana,Warrick,62567
Utah,Wasatch,33240
Oregon,Wasco,26505
Minnesota,Waseca,18691
Wyoming,Washakie,7885
Wisconsin,Washburn,15878
Alabama,Washington,16378
Arkansas,Washington,236961
Colorado,Washington,4909
Florida,Washington,24880
Georgia,Washington,20386
Idaho,Washington,10161
Illinois,Washington,13995
Indiana,Washington,27943
Iowa,Washington,22141
Kansas,Washington,5420
Kentucky,Washington,12084
Maine,Washington,31490
Maryland,Washington,150926
Minnesota,Washington,259201
Mississippi,Washington,45063
Missouri,Washington,24943
Nebraska,Washington,20667
New York,Washington,61197
North Carolina,Washington,11859
Ohio,Washington,60155
Oklahoma,Washington,51843
Oregon,Washington,597695
Pennsylvania,Washington,207346
Rhode Island,Washington,126179
Tennessee,Washington,128607
Texas,Washington,35108
Utah,Washington,171700
Vermont,Washington,58140
Virginia,Washington,54402
Wisconsin,Washington,135693
Louisiana,Washington,46582
Oklahoma,Washita,11127
Nevada,Washoe,465735
Michigan,Washtenaw,370963
North Carolina,Watauga,55945
Minnesota,Watonwan,10980
Wisconsin,Waukesha,403072
Wisconsin,Waupaca,51128
Wisconsin,Waushara,24263
Georgia,Wayne,29808
Illinois,Wayne,16332
Indiana,Wayne,65936
Iowa,Wayne,6401
Kentucky,Wayne,20468
Michigan,Wayne,1753893
Mississippi,Wayne,20298
Missouri,Wayne,13122
Nebraska,Wayne,9403
New York,Wayne,90064
North Carolina,Wayne,123248
Ohio,Wayne,115967
Pennsylvania,Wayne,51276
Tennessee,Wayne,16558
Utah,Wayne,2690
West Virginia,Wayne,39944
Virginia,Waynesboro,22628
Tennessee,Weakley,33415
Texas,Webb,275910
Utah,Weber,256359
Georgia,Webster,2611
Iowa,Webster,36277
Kentucky,Webster,13111
Mississippi,Webster,9788
Missouri,Webster,39109
Nebraska,Webster,3533
West Virginia,Webster,8285
Louisiana,Webster,38798
Colorado,Weld,314305
Indiana,Wells,28206
North Dakota,Wells,3957
Louisiana,West Baton Rouge,26427
Louisiana,West Carroll,10982
Louisiana,West Feliciana,15460
New York,Westchester,967612
Pennsylvania,Westmoreland,350611
Virginia,Westmoreland,17830
Wyoming,Weston,6967
West Virginia,Wetzel,15270
Michigan,Wexford,33466
Texas,Wharton,41619
Washington,Whatcom,225685
Montana,Wheatland,2236
Georgia,Wheeler,7879
Nebraska,Wheeler,805
Oregon,Wheeler,1366
Texas,Wheeler,5191
Arkansas,White,78727
Georgia,White,29970
Illinois,White,13665
Indiana,White,24133
Tennessee,White,27107
Nevada,White Pine,9475
Illinois,Whiteside,55626
Georgia,Whitfield,104062
Indiana,Whitley,34074
Kentucky,Whitley,36242
Washington,Whitman,49791
Montana,Wibaux,1034
Kansas,Wichita,2105
Texas,Wichita,132064
Maryland,Wicomico,103195
Texas,Wilbarger,12820
Alabama,Wilcox,10627
Georgia,Wilcox,8812
Georgia,Wilkes,9876
North Carolina,Wilkes,68557
Minnesota,Wilkin,6254
Georgia,Wilkinson,9036
Mississippi,Wilkinson,8792
Illinois,Will,692310
Texas,Willacy,21515
North Dakota,Williams,35350
Ohio,Williams,36804
Virginia,Williamsburg,14896
South Carolina,Williamsburg,30606
Illinois,Williamson,67056
Tennessee,Williamson,231729
Texas,Williamson,566719
Kansas,Wilson,8665
North Carolina,Wilson,81455
Tennessee,Wilson,140625
Texas,Wilson,50224
Virginia,Winchester,28108
Connecticut,Windham,117027
Vermont,Windham,42756
Vermont,Windsor,55286
Texas,Winkler,7720
Louisiana,Winn,14134
Illinois,Winnebago,284081
Iowa,Winnebago,10518
Wisconsin,Winnebago,171020
Iowa,Winneshiek,20029
Minnesota,Winona,50825
Alabama,Winston,23660
Mississippi,Winston,18165
West Virginia,Wirt,5830
Texas,Wise,68305
Virginia,Wise,38012
Kentucky,Wolfe,7177
Ohio,Wood,130696
Texas,Wood,45129
West Virginia,Wood,84203
Wisconsin,Wood,73055
Iowa,Woodbury,102539
Illinois,Woodford,38463
Kentucky,Woodford,26533
Arkansas,Woodruff,6490
Oklahoma,Woods,8897
Kansas,Woodson,3183
Oklahoma,Woodward,20222
Maryland,Worcester,51823
Massachusetts,Worcester,830839
Georgia,Worth,20299
Iowa,Worth,7453
Missouri,Worth,2040
Alaska,Wrangell and,2503
Iowa,Wright,12690
Minnesota,Wright,136349
Missouri,Wright,18378
Ohio,Wyandot,21935
Kansas,Wyandotte,165324
New York,Wyoming,40085
Pennsylvania,Wyoming,27046
West Virginia,Wyoming,20786
Virginia,Wythe,28754
North Carolina,Yadkin,37543
Washington,Yakima,251446
Alaska,Yakutat and,604
Mississippi,Yalobusha,12392
Oregon,Yamhill,107002
North Carolina,Yancey,17903
South Dakota,Yankton,22869
New York,Yates,24841
Arizona,Yavapai,231993
Mississippi,Yazoo,28248
Arkansas,Yell,21535
Minnesota,Yellow Medicine,9795
Montana,Yellowstone,160137
Texas,Yoakum,8591
California,Yolo,220408
Maine,York,206229
Nebraska,York,13772
Pennsylvania,York,448273
South Carolina,York,274118
Virginia,York,67846
Texas,Young,18045
California,Yuba,78041
Alaska,Yukon-Koyukuk Census Area,5327
Arizona,Yuma,212128
Colorado,Yuma,10020
Texas,Zapata,14190
Texas,Zavala,11983
South Dakota,Ziebach,2742